repo_full_name,stars,forks,language,created_at,top1_share,gini_contrib,bus_factor_proxy_k50,scorecard_score,governance_artifact_score,governance_index,external_contributor_ratio,transparency_index,contributor_count,vuln_total,vuln_critical,vuln_high,vuln_medium,vuln_low,vuln_severe,has_severe_vuln,log_stars
django/django,86710.0,33636.0,Python,2012-04-28T02:47:18Z,0.1246531483457844,0.7116008537886873,7.0,7.0,0.6,0.6599999999999999,0.82,0.9361702127659576,100.0,263,78,56,2,0,134,1,11.370336028999896
pallets/flask,71144.0,16696.0,Python,2010-04-06T11:11:59Z,0.3917100694444444,0.8548394097222223,2.0,6.0,0.0,0.36,0.98,0.9894355791962176,99.0,7,3,0,1,0,3,1,11.172475326979791
psf/requests,53721.0,9731.0,Python,2011-02-13T18:38:17Z,0.3973645137342242,0.8517780252412769,2.0,8.6,1.0,0.916,0.93,0.9717050827423168,99.0,12,1,4,1,0,5,1,10.891577880026055
fastapi/fastapi,94899.0,8653.0,Python,2018-12-08T08:21:47Z,0.550761421319797,0.8345290468133107,1.0,5.6,0.6,0.24,0.45,0.8049645390070922,100.0,3,2,0,0,0,2,1,11.46057898459802
encode/httpx,14974.0,1030.0,Python,2019-04-04T12:27:00Z,0.5178181818181818,0.8440218181818182,1.0,6.0,0.4,0.52,1.0,0.9965277777777778,99.0,2,1,0,0,0,1,1,9.61413742298365
tornadoweb/tornado,22442.0,5544.0,Python,2009-09-09T04:55:16Z,0.790759662372279,0.8890137716570413,1.0,7.0,0.2,0.5,1.0,1.0,100.0,11,3,4,0,0,7,1,10.018734040540515
aio-libs/aiohttp,16256.0,2187.0,Python,2013-10-01T23:04:01Z,0.3726181482414169,0.8832812893477714,2.0,7.2,0.6,0.6719999999999999,0.71,0.8971631205673759,100.0,31,9,19,0,0,28,1,9.696278864234223
bottlepy/bottle,8743.0,1492.0,Python,2009-06-30T17:51:30Z,0.7784398699891658,0.887421451787649,1.0,3.8,0.2,0.308,0.85,0.9433362884160758,99.0,8,3,1,0,0,4,1,9.076123029856374
Kludex/starlette,11902.0,1113.0,Python,2018-06-25T13:16:21Z,0.338038632986627,0.8038335809806836,2.0,5.6,0.2,0.08,1.0,1.0,100.0,7,2,3,0,0,5,1,9.38454574816788
benoitc/gunicorn,10427.0,1810.0,Python,2009-11-30T18:18:08Z,0.5221297836938436,0.8591514143094843,1.0,5.9,0.6,0.5940000000000001,0.69,0.8761820330969267,96.0,4,3,0,0,0,3,1,9.252249775053391
Kludex/uvicorn,10375.0,906.0,Python,2017-05-31T13:13:43Z,0.3825554705432287,0.8556006120887528,2.0,5.6,0.0,0.0,1.0,1.0,100.0,4,2,0,0,0,2,1,9.24725072599628
pallets/werkzeug,6840.0,1761.0,Python,2010-10-18T11:42:40Z,0.3332089552238806,0.8884925373134328,2.0,6.1,0.0,0.366,0.85,0.946808510638298,100.0,19,6,6,1,0,12,1,8.830689198760998
falconry/falcon,9796.0,979.0,Python,2012-12-06T18:17:51Z,0.3192346424974824,0.8569284994964754,3.0,5.3,0.4,0.478,0.56,0.8300827423167849,96.0,0,0,0,0,0,0,0,9.189831495344642
sanic-org/sanic,18637.0,1583.0,Python,2016-05-26T04:38:22Z,0.2071320182094082,0.7662974203338392,4.0,5.3,1.0,0.718,0.9,0.9610667848699764,99.0,0,0,0,0,0,0,0,9.8329577863456
pallets/quart,3591.0,193.0,Python,2017-11-10T20:10:33Z,0.810671256454389,0.8838037865748709,1.0,5.6,0.2,0.08,0.92,0.9681589834515368,99.0,1,1,0,0,0,1,1,8.18646442942209
flask-restful/flask-restful,6931.0,1045.0,Python,2012-10-12T00:08:51Z,0.1537467700258397,0.7039018087855297,5.0,4.1,0.2,0.3259999999999999,1.0,0.9965277777777778,99.0,0,0,0,0,0,0,0,8.843903650835497
graphql-python/graphene,8244.0,821.0,Python,2015-09-24T09:18:18Z,0.6640811455847255,0.8669451073985681,1.0,4.8,0.2,0.368,0.68,0.8865248226950356,100.0,0,0,0,0,0,0,0,9.0173622349937
encode/django-rest-framework,29863.0,7064.0,Python,2011-03-02T17:13:56Z,0.5637653317570563,0.8219698537017881,1.0,6.3,0.6,0.618,0.98,0.9929078014184396,100.0,3,0,2,0,0,2,1,10.30440902059442
strawberry-graphql/strawberry,4607.0,609.0,Python,2018-12-21T08:56:55Z,0.2826149015129888,0.8647701969740222,2.0,5.4,0.2,0.404,0.48,0.8156028368794326,100.0,3,1,1,1,0,2,1,8.435549202375727
numpy/numpy,31403.0,12029.0,Python,2010-09-13T23:02:39Z,0.203242781965581,0.7237715829896174,6.0,7.2,0.2,0.512,0.46,0.8085106382978724,100.0,16,3,2,3,0,5,1,10.354690552318148
scipy/scipy,14436.0,5610.0,Python,2011-03-09T18:52:03Z,0.1324750563244287,0.6429584808496942,8.0,6.7,0.6,0.642,0.48,0.8156028368794326,100.0,4,0,1,0,0,1,1,9.577549634629817
matplotlib/matplotlib,22318.0,8181.0,Python,2011-02-19T03:17:12Z,0.1435309832404566,0.7918166259679001,5.0,8.3,0.8,0.8180000000000001,0.42,0.7943262411347517,100.0,0,0,0,0,0,0,0,10.013193612624184
pandas-dev/pandas,47834.0,19626.0,Python,2010-08-24T01:37:33Z,0.1692726963038664,0.7560412195537387,5.0,6.4,0.2,0.464,0.99,0.9929816784869976,99.0,1,0,0,0,0,0,0,10.775512868112267
scikit-learn/scikit-learn,64953.0,26670.0,Python,2010-08-17T09:43:38Z,0.0987349583461894,0.6661778771983955,9.0,9.5,0.8,0.89,0.43,0.797872340425532,100.0,6,2,1,1,0,3,1,11.081434606037671
statsmodels/statsmodels,11233.0,3321.0,Python,2011-06-12T17:04:50Z,0.2519354415431046,0.8722424878624853,3.0,5.4,0.0,0.324,0.21,0.7198581560283688,100.0,0,0,0,0,0,0,0,9.326700173092378
mwaskom/seaborn,13711.0,2079.0,Python,2012-06-18T18:41:19Z,0.8466453674121406,0.9290926517571884,1.0,5.7,0.4,0.502,0.42,0.7873817966903073,98.0,0,0,0,0,0,0,0,9.52602664083756
dmlc/xgboost,27980.0,8844.0,C++,2014-02-06T17:28:03Z,0.2698956993856265,0.8524689241320189,2.0,6.4,0.4,0.544,0.28,0.7412086288416077,99.0,0,0,0,0,0,0,0,10.239280987394974
tensorflow/tensorflow,193660.0,75218.0,C++,2015-11-07T01:19:20Z,0.4766687644220684,0.6176544577302286,3.0,7.3,0.8,0.758,0.95,0.9822695035460992,100.0,676,116,134,178,0,250,1,12.17386448684113
catboost/catboost,8792.0,1260.0,C++,2017-07-18T05:29:04Z,0.3306395648183385,0.7901495377314142,3.0,4.5,0.4,0.43,0.98,0.9859633569739952,98.0,0,0,0,0,0,0,0,9.081711229379
microsoft/LightGBM,18072.0,3982.0,C++,2016-08-05T05:45:50Z,0.2566647759500851,0.8671752694271129,2.0,6.2,0.8,0.6920000000000001,0.87,0.950428486997636,99.0,2,2,0,0,0,2,1,9.802174390835638
huggingface/tokenizers,10455.0,1030.0,Rust,2019-11-01T17:52:20Z,0.5411826821541711,0.902312565997888,1.0,5.0,0.0,0.3,0.35,0.7695035460992908,100.0,0,0,0,0,0,0,0,9.254931255304058
Lightning-AI/pytorch-lightning,30814.0,3669.0,Python,2019-03-31T00:45:57Z,0.2411472354524746,0.8162062538827916,3.0,5.5,0.8,0.6500000000000001,0.89,0.9505762411347516,97.0,6,3,1,0,0,4,1,10.335756863396345
huggingface/transformers,156224.0,31994.0,Python,2018-10-29T13:56:00Z,0.0915707291253142,0.657082175466455,9.0,4.5,0.6,0.51,0.92,0.9716312056737588,100.0,26,9,14,3,0,23,1,11.959052554797282
huggingface/datasets,21173.0,3093.0,Python,2020-03-26T09:23:22Z,0.3220486111111111,0.7742592592592592,2.0,5.8,0.6,0.588,0.69,0.8900709219858155,100.0,0,0,0,0,0,0,0,9.960529292903326
huggingface/safetensors,3615.0,293.0,Python,2022-09-22T14:54:51Z,0.6639566395663956,0.7789445950015056,1.0,5.6,0.0,0.0,0.8,0.831855791962175,72.0,0,0,0,0,0,0,0,8.193123721512068
huggingface/accelerate,9486.0,1283.0,Python,2020-10-30T13:27:12Z,0.346583850931677,0.7866211180124223,2.0,6.1,0.4,0.526,0.43,0.797872340425532,100.0,0,0,0,0,0,0,0,9.157677719392876
keras-team/keras,63755.0,19688.0,Python,2015-03-28T00:35:42Z,0.4230103806228373,0.7444939446366782,3.0,7.7,0.4,0.622,0.99,0.99645390070922,100.0,11,9,2,0,0,11,1,11.062818576238945
huggingface/huggingface_hub,3317.0,928.0,Python,2020-12-22T10:20:28Z,0.3781818181818182,0.7931688311688312,3.0,6.2,0.4,0.532,0.57,0.847517730496454,100.0,0,0,0,0,0,0,0,8.10711747075039
google-deepmind/optax,2176.0,313.0,Python,2020-06-12T15:45:35Z,0.0830542531815137,0.6381982585398527,10.0,5.6,0.2,0.08,1.0,1.0,100.0,0,0,0,0,0,0,0,7.685703061234547
google/flax,7064.0,787.0,Jupyter Notebook,2020-01-10T09:48:37Z,0.1262083780880773,0.747593984962406,6.0,6.5,0.0,0.39,0.67,0.8829787234042553,100.0,0,0,0,0,0,0,0,8.862908295118627
jax-ml/jax,34816.0,3409.0,Python,2018-10-25T21:25:02Z,0.1358287893075314,0.7692103644787011,5.0,5.6,0.2,0.08,0.25,0.7340425531914893,100.0,0,0,0,0,0,0,0,10.457861052229603
modin-project/modin,10357.0,673.0,Python,2018-06-21T21:35:05Z,0.2310469314079422,0.8477092221857565,3.0,4.8,0.4,0.448,0.07,0.6667405437352246,99.0,0,0,0,0,0,0,0,9.245514446983837
dask/dask,13733.0,1842.0,Python,2015-01-04T18:50:00Z,0.3422027618726844,0.8116436510609633,3.0,6.0,0.2,0.44,0.06,0.6666666666666666,100.0,1,0,0,0,0,0,0,9.527629789180622
pola-rs/polars,37344.0,2603.0,Rust,2020-05-13T19:45:33Z,0.4491677912730544,0.8634053081421503,2.0,6.4,1.0,0.784,0.25,0.7340425531914893,100.0,0,0,0,0,0,0,0,10.527954312791168
jupyter/notebook,12933.0,5589.0,Jupyter Notebook,2015-04-09T06:58:03Z,0.2331240188383045,0.831624803767661,4.0,4.3,0.2,0.338,0.8,0.9290780141843972,100.0,29,4,13,0,0,17,1,9.46761478200654
jupyterlab/jupyterlab,15006.0,3893.0,TypeScript,2016-06-03T20:09:17Z,0.2843777026495793,0.8251049610818462,3.0,5.4,0.2,0.404,0.91,0.9646128841607564,99.0,6,1,4,0,0,5,1,9.616272037895987
ipython/ipython,16674.0,4460.0,Python,2010-05-10T04:46:06Z,0.2176618357487922,0.8517669565217392,3.0,6.1,0.4,0.526,0.52,0.8297872340425533,100.0,15,3,4,1,0,7,1,9.721665870783823
ipython/ipykernel,716.0,398.0,Python,2015-04-09T07:44:14Z,0.319986192613048,0.8295926820849155,3.0,5.3,0.2,0.398,0.2,0.7093676122931442,98.0,0,0,0,0,0,0,0,6.57507584059962
jupyter/nbformat,305.0,166.0,Python,2015-04-09T01:07:29Z,0.2147525676937441,0.817300904101478,4.0,4.6,0.4,0.436,0.38,0.7176418439716312,82.0,0,0,0,0,0,0,0,5.723585101952381
imageio/imageio,1674.0,341.0,Python,2013-05-04T22:56:45Z,0.5237154150197628,0.8820685111989459,1.0,5.0,0.2,0.38,0.42,0.7943262411347517,100.0,0,0,0,0,0,0,0,7.423568444259167
opencv/opencv-python,5182.0,999.0,Python,2016-04-08T13:36:40Z,0.5910815939278937,0.8952103644572401,1.0,5.2,0.2,0.392,0.89,0.8116873522458631,57.0,32,23,5,3,0,28,1,8.553139318189707
python-pillow/Pillow,13368.0,2403.0,Python,2012-07-24T21:38:39Z,0.352566714198411,0.90924017111428,2.0,7.6,0.6,0.696,0.83,0.9397163120567376,100.0,112,36,13,9,0,49,1,9.500693872983122
scikit-image/scikit-image,6441.0,2355.0,Python,2011-07-07T22:07:20Z,0.1416432865731463,0.7383943887775551,6.0,7.0,0.4,0.5800000000000001,0.46,0.8050384160756502,99.0,0,0,0,0,0,0,0,8.770594329891145
nltk/nltk,14494.0,2977.0,Python,2009-09-07T10:53:58Z,0.3702191663085518,0.8383354820226329,2.0,5.7,0.4,0.502,0.79,0.9220596926713948,99.0,10,5,0,0,0,5,1,9.581559041355757
RaRe-Technologies/gensim,16349.0,4413.0,Python,2011-02-10T07:43:04Z,0.3630170316301703,0.7874209245742092,3.0,3.3,0.6,0.4379999999999999,0.8,0.9186613475177304,97.0,0,0,0,0,0,0,0,9.7019831763254
sloria/TextBlob,9502.0,1182.0,Python,2013-06-30T18:29:18Z,0.665144596651446,0.8486568760541363,1.0,5.8,0.2,0.428,0.85,0.7280585106382979,37.0,0,0,0,0,0,0,0,9.159362817211315
explosion/spaCy,33173.0,4638.0,Python,2014-07-03T15:15:40Z,0.3309613230546221,0.9032727152928774,2.0,3.9,0.4,0.394,0.98,0.982491134751773,97.0,0,0,0,0,0,0,0,10.409521715565988
psycopg/psycopg2,3610.0,527.0,C,2013-01-21T11:05:11Z,0.68928,0.9352096,1.0,4.6,0.2,0.356,0.93,0.975177304964539,100.0,0,0,0,0,0,0,0,8.191740021277457
mongodb/mongo-python-driver,4331.0,1138.0,Python,2009-01-15T15:18:06Z,0.22375,0.893803125,3.0,6.2,0.4,0.532,0.52,0.8263150118203311,99.0,3,0,2,0,0,2,1,8.37378460812088
sqlalchemy/sqlalchemy,11480.0,1634.0,Python,2018-11-27T03:35:03Z,0.8335187679334778,0.9483018094513088,1.0,5.7,0.8,0.6620000000000001,0.89,0.9609929078014184,100.0,6,2,1,0,0,3,1,9.348448774093812
celery/celery,27982.0,4939.0,Python,2009-04-24T11:31:24Z,0.5318186103516546,0.9066625813142264,1.0,5.9,0.4,0.514,1.0,1.0,100.0,4,1,0,0,0,1,1,10.239352461914338
redis/redis-py,13467.0,2654.0,Python,2009-11-06T10:22:26Z,0.3554327808471454,0.7739318600368325,3.0,6.8,0.4,0.5680000000000001,0.99,0.99645390070922,100.0,4,0,2,0,0,2,1,9.508071780280964
sqlalchemy/alembic,3943.0,309.0,Python,2018-11-27T03:02:53Z,0.8088004190675746,0.911162912519644,1.0,6.6,0.4,0.556,0.93,0.975177304964539,100.0,0,0,0,0,0,0,0,8.279950715722526
MagicStack/asyncpg,7928.0,437.0,Python,2016-07-19T02:25:20Z,0.5005820721769499,0.8644191879793094,1.0,5.5,0.0,0.33,0.27,0.7307180851063829,97.0,2,1,0,0,0,1,1,8.978282203272398
aio-libs/aiomysql,1887.0,266.0,Python,2015-01-07T20:14:48Z,0.3372093023255814,0.8652804377564979,3.0,6.6,0.0,0.3959999999999999,0.6,0.8546838061465722,99.0,1,1,0,0,0,1,1,7.543273346705446
coleifer/peewee,11927.0,1393.0,Python,2010-10-11T20:14:11Z,0.8915145005370569,0.9605735767991408,1.0,4.7,0.0,0.282,1.0,0.9930555555555556,98.0,0,0,0,0,0,0,0,9.386643856444577
pytest-dev/pytest,13545.0,3012.0,Python,2015-06-15T20:28:27Z,0.2665778774709098,0.8415014720314034,3.0,6.4,0.4,0.544,0.35,0.7660313238770686,99.0,0,0,0,0,0,0,0,9.51384657977485
mongodb/motor,2523.0,215.0,Python,2013-01-11T21:34:44Z,0.5571353343865192,0.9087677725118484,1.0,7.0,0.4,0.5800000000000001,0.86,0.8079934988179668,59.0,0,0,0,0,0,0,0,7.833600223661103
tortoise/tortoise-orm,5477.0,455.0,Python,2018-03-29T16:52:10Z,0.2951059167275383,0.8655588020452885,2.0,5.4,0.0,0.324,0.27,0.7376625295508275,99.0,2,0,1,0,0,1,1,8.608495349823023
pytest-dev/pytest-cov,2001.0,229.0,Python,2014-04-17T20:01:12Z,0.5147198480531814,0.8559449192782526,1.0,5.0,0.2,0.38,0.76,0.9148936170212766,100.0,0,0,0,0,0,0,0,7.601901959875166
pytest-dev/pytest-mock,2012.0,149.0,Python,2014-07-17T00:40:32Z,0.5853018372703412,0.8598361180462198,1.0,5.7,0.4,0.502,0.43,0.735372340425532,82.0,0,0,0,0,0,0,0,7.607381425639791
pytest-dev/pytest-asyncio,1613.0,174.0,Python,2015-04-11T00:18:05Z,0.3957845433255269,0.8881859748370287,2.0,7.9,0.2,0.554,0.93,0.8953161938534279,77.0,0,0,0,0,0,0,0,7.3864708488298945
pytest-dev/pytest-xdist,1788.0,253.0,Python,2015-09-01T18:51:45Z,0.3652561247216035,0.8429918337045286,3.0,5.2,0.0,0.312,0.38,0.776669621749409,99.0,0,0,0,0,0,0,0,7.489412083508719
HypothesisWorks/hypothesis,8434.0,630.0,Python,2013-03-10T13:51:19Z,0.4418099547511312,0.9070244343891404,2.0,5.3,0.2,0.398,0.9,0.9645390070921986,100.0,0,0,0,0,0,0,0,9.040144994980068
tox-dev/tox,3896.0,542.0,Python,2016-09-17T16:54:22Z,0.5561385099685204,0.8363168940188876,1.0,5.9,1.0,0.754,0.65,0.875886524822695,100.0,0,0,0,0,0,0,0,8.26796230533871
coveragepy/coveragepy,3320.0,472.0,Python,2018-06-23T17:44:53Z,0.9416885449772004,0.9647105154069364,1.0,5.6,0.6,0.24,0.75,0.904403073286052,98.0,0,0,0,0,0,0,0,8.108021221376747
joke2k/faker,19068.0,2044.0,Python,2012-11-12T23:00:09Z,0.6435321913762552,0.8096751329001772,1.0,5.3,0.2,0.398,0.95,0.9822695035460992,100.0,0,0,0,0,0,0,0,9.855819258834629
FactoryBoy/factory_boy,3772.0,410.0,Python,2011-05-11T08:26:59Z,0.5800995024875621,0.8605472636815921,1.0,4.0,0.2,0.32,0.94,0.9787234042553192,100.0,0,0,0,0,0,0,0,8.235625719964311
wntrblm/nox,1493.0,174.0,Python,2016-02-24T04:02:58Z,0.233009708737864,0.7610124826629681,3.0,5.6,0.6,0.24,0.31,0.7518469267139481,99.0,0,0,0,0,0,0,0,7.309212365692763
kevin1024/vcrpy,2936.0,424.0,Python,2012-05-29T04:52:00Z,0.2572298325722983,0.7703348554033486,4.0,4.8,0.0,0.288,0.82,0.9326979905437351,99.0,0,0,0,0,0,0,0,7.98514393119862
psf/black,41363.0,2721.0,Python,2018-03-14T19:54:45Z,0.2157772621809744,0.7604640371229698,5.0,7.3,0.6,0.6779999999999999,0.66,0.8794326241134752,100.0,2,0,1,0,0,1,1,10.630166216304866
getsentry/responses,4318.0,360.0,Python,2013-11-15T23:28:18Z,0.2864651773981603,0.7845597897503285,3.0,4.8,0.2,0.368,0.89,0.9575206855791965,99.0,0,0,0,0,0,0,0,8.3707791729607
pylint-dev/pylint,5645.0,1214.0,Python,2015-12-09T05:40:02Z,0.214822178042854,0.8009542743538768,4.0,8.2,1.0,0.8919999999999999,1.0,1.0,100.0,0,0,0,0,0,0,0,8.638702608813434
pycqa/flake8,3756.0,340.0,Python,2014-09-13T17:06:24Z,0.4373970345963756,0.8961202635914333,2.0,5.2,0.4,0.472,0.8,0.925605791962175,99.0,0,0,0,0,0,0,0,8.231376045573969
RobertCraigie/pyright-python,259.0,24.0,Python,2021-06-18T18:54:17Z,0.9478827361563518,0.8882328990228013,1.0,4.1,0.0,0.2459999999999999,0.13,0.399822695035461,16.0,0,0,0,0,0,0,0,5.560681631015528
astral-sh/ruff,45638.0,1756.0,Rust,2022-08-09T17:17:44Z,0.2825087650954421,0.7870970003895599,4.0,5.6,0.8,0.32,0.25,0.7340425531914893,100.0,0,0,0,0,0,0,0,10.728517893131238
hhatto/autopep8,4661.0,289.0,Python,2010-12-29T20:08:51Z,0.3385030343897505,0.9091263486176668,2.0,5.6,0.0,0.3359999999999999,0.57,0.7051566193853427,59.0,0,0,0,0,0,0,0,8.447199819595703
python/mypy,20189.0,3106.0,Python,2012-12-07T13:30:23Z,0.4296958268426662,0.8105624333852586,2.0,7.1,0.2,0.506,0.99,0.99645390070922,100.0,0,0,0,0,0,0,0,9.912942711306885
PyCQA/isort,6901.0,611.0,Python,2013-09-02T22:22:53Z,0.7534082755321694,0.8991700550107631,1.0,4.4,0.2,0.344,0.22,0.723404255319149,100.0,0,0,0,0,0,0,0,8.839566503657949
pre-commit/pre-commit,14930.0,921.0,Python,2014-03-13T00:39:38Z,0.8108206245461147,0.918482207697894,1.0,5.0,0.2,0.38,0.06,0.6666666666666666,100.0,0,0,0,0,0,0,0,9.611194867526663
PyCQA/bandit,7767.0,730.0,Python,2018-04-26T09:08:12Z,0.2324246771879483,0.7969153515064562,4.0,6.7,1.0,0.802,0.58,0.8302304964539008,94.0,0,0,0,0,0,0,0,8.957768009971161
pallets/click,17188.0,1556.0,Python,2014-04-24T09:52:19Z,0.3246653919694072,0.8346959847036328,2.0,6.3,0.0,0.378,0.9,0.9645390070921986,100.0,0,0,0,0,0,0,0,9.752024923328158
tqdm/tqdm,30941.0,1429.0,Python,2015-06-03T13:13:14Z,0.7640059494298463,0.9230887456618742,1.0,6.8,1.0,0.808,0.31,0.7553191489361701,100.0,3,0,1,1,0,1,1,10.339869763279014
Textualize/rich,55405.0,2018.0,Python,2019-11-10T15:28:09Z,0.7066473988439307,0.8754768786127167,1.0,6.6,0.8,0.716,0.68,0.8865248226950356,100.0,0,0,0,0,0,0,0,10.9224431701201
fastapi/typer,18797.0,838.0,Python,2019-12-24T12:24:11Z,0.4810126582278481,0.8683851969057664,2.0,5.6,0.6,0.24,0.24,0.7166075650118203,96.0,0,0,0,0,0,0,0,9.841505760180247
google/python-fire,28097.0,1468.0,Python,2017-02-21T21:35:07Z,0.576271186440678,0.7735896787250189,1.0,4.4,0.2,0.344,0.94,0.8641400709219859,67.0,0,0,0,0,0,0,0,10.243453678411596
prompt-toolkit/python-prompt-toolkit,10257.0,759.0,Python,2014-01-25T22:12:08Z,0.8575712143928036,0.9172413793103448,1.0,4.9,0.0,0.294,0.86,0.9468823877068558,99.0,0,0,0,0,0,0,0,9.235813167949214
tartley/colorama,3765.0,266.0,Python,2014-04-17T20:18:25Z,0.3273657289002558,0.7484261263033642,3.0,4.4,0.4,0.424,0.85,0.7731973995271867,50.0,0,0,0,0,0,0,0,8.233768709217097
python-trio/trio,7157.0,382.0,Python,2017-01-16T04:45:25Z,0.2640136265097553,0.8450201300712294,4.0,6.4,0.4,0.544,0.32,0.7588652482269503,100.0,0,0,0,0,0,0,0,8.875985891325971
MagicStack/uvloop,11637.0,600.0,Cython,2015-11-08T04:14:54Z,0.7940267765190525,0.903693214326582,1.0,6.2,0.0,0.372,0.54,0.7396572104018914,72.0,0,0,0,0,0,0,0,9.362030885216615
agronholm/anyio,2380.0,179.0,Python,2018-08-19T21:07:18Z,0.7729468599033816,0.9155456459804284,1.0,5.7,0.2,0.422,0.21,0.598330378250591,65.0,0,0,0,0,0,0,0,7.7752758464868625
gevent/gevent,6434.0,961.0,Python,2012-09-13T22:03:03Z,0.467243914393073,0.9562767521646788,2.0,4.3,0.0,0.258,0.93,0.9717050827423168,99.0,2,1,0,0,0,1,1,8.769507120030227
python-greenlet/greenlet,1799.0,264.0,C++,2011-12-17T21:12:01Z,0.4991438356164384,0.8761823222439661,2.0,5.4,0.0,0.324,1.0,0.9409722222222222,83.0,0,0,0,0,0,0,0,7.495541943884256
marshmallow-code/marshmallow,7233.0,654.0,Python,2013-11-10T21:32:24Z,0.6103273137697517,0.8941083521444695,1.0,5.9,0.6,0.5940000000000001,0.95,0.9822695035460992,100.0,3,0,2,0,0,2,1,8.886547412512042
pydantic/pydantic,26720.0,2430.0,Python,2017-05-03T21:23:58Z,0.2495733788395904,0.8441126279863481,4.0,6.5,0.2,0.47,0.65,0.875886524822695,100.0,3,1,0,1,0,1,1,10.193205052099978
msgpack/msgpack-python,2062.0,239.0,Python,2011-08-21T08:24:41Z,0.7253599114064231,0.8661662770189901,1.0,5.1,0.2,0.386,0.61,0.7783687943262412,76.0,0,0,0,0,0,0,0,7.631916513071252
python-attrs/attrs,5726.0,412.0,Python,2015-01-27T15:01:01Z,0.8048192771084337,0.9003614457831326,1.0,8.8,0.8,0.8480000000000001,0.56,0.8439716312056738,100.0,0,0,0,0,0,0,0,8.652947112393857
python-attrs/cattrs,976.0,129.0,Python,2016-08-28T16:45:58Z,0.7684887459807074,0.8724809124952033,1.0,6.9,0.8,0.7340000000000001,0.75,0.8384308510638299,79.0,0,0,0,0,0,0,0,6.884486652042782
ijl/orjson,7877.0,290.0,Python,2018-11-21T23:43:14Z,0.9515072083879424,0.9231651376146788,1.0,5.2,0.0,0.312,0.99,0.732565011820331,24.0,3,1,1,0,0,2,1,8.971829343530851
ultrajson/ultrajson,4475.0,374.0,C++,2011-02-27T20:00:51Z,0.3916913946587537,0.8212955363343645,3.0,7.9,0.2,0.554,0.9,0.9367612293144209,92.0,6,2,0,1,0,2,1,8.406485069431817
yaml/pyyaml,2845.0,566.0,Python,2011-11-03T05:09:49Z,0.5368098159509203,0.7975460122699387,1.0,5.4,0.2,0.404,0.72,0.6923758865248226,40.0,8,4,0,0,0,4,1,7.953669778649798
hukkin/tomli,552.0,51.0,Python,2021-05-25T08:17:13Z,0.5661538461538461,0.8165680473372781,1.0,5.7,0.0,0.342,0.06,0.3645833333333333,13.0,0,0,0,0,0,0,0,6.315358001522335
hukkin/tomli-w,127.0,18.0,Python,2021-06-29T19:20:20Z,0.8526315789473684,0.7699248120300751,1.0,4.5,0.0,0.27,0.3225806451612903,0.303530370624571,7.0,0,0,0,0,0,0,0,4.852030263919617
uiri/toml,1137.0,194.0,Python,2013-02-24T06:07:30Z,0.6291793313069909,0.7726129336547531,1.0,5.3,0.0,0.318,0.87,0.8080673758865249,58.0,0,0,0,0,0,0,0,7.037027614686276
jaraco/configparser,61.0,21.0,Python,2019-01-23T15:18:11Z,0.8746630727762803,0.9036067257091516,1.0,5.3,0.4,0.478,0.4,0.1971390133134254,21.0,0,0,0,0,0,0,0,4.127134385045092
theskumar/python-dotenv,8646.0,500.0,Python,2014-09-06T05:35:17Z,0.1975308641975308,0.7073333333333334,3.0,5.3,0.4,0.478,0.85,0.932919621749409,96.0,0,0,0,0,0,0,0,9.06496771896043
pyca/cryptography,7469.0,1702.0,Python,2013-08-07T02:23:38Z,0.3257902799053057,0.9183122127837348,2.0,8.0,0.0,0.48,0.21,0.7198581560283688,100.0,25,11,2,1,0,13,1,8.918650278126863
python-jsonschema/jsonschema,4918.0,608.0,Python,2011-12-30T03:37:43Z,0.7830348090571139,0.9199628252788103,1.0,7.8,0.4,0.628,0.99,0.99645390070922,100.0,0,0,0,0,0,0,0,8.50086053679534
jpadilla/pyjwt,5588.0,725.0,Python,2011-02-24T20:25:09Z,0.2996594778660613,0.7848240635641317,3.0,7.1,0.6,0.6659999999999999,0.94,0.9787234042553192,100.0,5,2,0,1,0,2,1,8.628555659269699
certifi/python-certifi,956.0,276.0,Python,2011-12-28T05:15:19Z,0.296969696969697,0.7765151515151516,2.0,6.9,0.2,0.494,0.81,0.724290780141844,40.0,6,2,1,0,0,3,1,6.863803391452954
pyca/bcrypt,1443.0,209.0,Python,2013-05-11T02:03:55Z,0.6253934942287513,0.902492130115425,1.0,6.3,0.0,0.378,0.22,0.5150709219858156,40.0,0,0,0,0,0,0,0,7.275172319452771
paramiko/paramiko,9666.0,2034.0,Python,2009-02-02T03:41:08Z,0.6967088607594937,0.9142177215189874,1.0,5.0,0.4,0.46,0.9,0.9437056737588652,94.0,9,3,2,0,0,5,1,9.176473302464606
sethmlarson/truststore,219.0,25.0,Python,2022-01-07T17:40:56Z,0.6115702479338843,0.7537190082644628,1.0,6.1,0.4,0.526,0.18,0.4140809692671394,15.0,0,0,0,0,0,0,0,5.393627546352362
pyca/pyopenssl,931.0,422.0,Python,2014-01-09T20:10:36Z,0.2041420118343195,0.8612848689771766,3.0,6.3,0.0,0.378,0.39,0.7663268321513002,95.0,6,3,0,0,0,3,1,6.837332814685591
googleapis/python-storage,494.0,172.0,Python,2019-12-10T00:10:14Z,0.1465880370682392,0.7971440606571187,6.0,7.7,0.8,0.782,1.0,0.9965277777777778,99.0,0,0,0,0,0,0,0,6.20455776256869
boto/boto3,9682.0,1953.0,Python,2014-10-03T21:38:03Z,0.710285480125666,0.9461152847971588,1.0,7.4,0.4,0.6040000000000001,0.73,0.8973108747044917,98.0,0,0,0,0,0,0,0,9.17812704961153
boto/botocore,1601.0,1136.0,Python,2012-11-13T13:25:36Z,0.4996857816182247,0.9230761979575806,2.0,8.1,0.4,0.6459999999999999,0.26,0.730644208037825,98.0,0,0,0,0,0,0,0,7.379008127628304
googleapis/google-auth-library-python,868.0,348.0,Python,2016-09-26T00:38:59Z,0.1526479750778816,0.7781827622014538,4.0,8.6,0.8,0.8360000000000001,1.0,1.0,100.0,0,0,0,0,0,0,0,6.767343125265392
docker/docker-py,7159.0,1711.0,Python,2013-05-23T16:15:07Z,0.5797297297297297,0.8200945945945947,1.0,4.3,0.2,0.338,1.0,0.9930555555555556,98.0,0,0,0,0,0,0,0,8.87626525995469
Azure/azure-sdk-for-python,5472.0,3226.0,Python,2012-04-24T16:46:12Z,0.1590068674062335,0.6375721077654517,8.0,6.1,0.8,0.686,0.92,0.9646867612293144,98.0,2,0,0,2,0,0,0,8.607582191143917
fabric/fabric,15392.0,1959.0,Python,2009-05-01T01:14:24Z,0.9813316739265712,0.9344643500474896,1.0,3.9,0.2,0.314,0.99,0.7152039007092199,19.0,1,0,0,0,0,0,0,9.641668139610074
pyinvoke/invoke,4708.0,383.0,Python,2012-02-29T23:59:23Z,0.9463141025641024,0.961021505376344,1.0,3.9,0.2,0.314,0.99,0.8645094562647754,62.0,0,0,0,0,0,0,0,8.457230850243555
urllib3/urllib3,4004.0,1287.0,Python,2011-09-18T18:08:28Z,0.2732572877059569,0.7712116603295311,4.0,8.6,0.8,0.8360000000000001,0.92,0.9681589834515368,99.0,28,8,9,3,0,17,1,8.29529885950246
chardet/chardet,2321.0,265.0,Python,2012-07-26T20:30:54Z,0.68359375,0.85671875,1.0,4.0,0.0,0.24,0.73,0.730644208037825,50.0,0,0,0,0,0,0,0,7.7501841622578365
kjd/idna,274.0,110.0,Python,2013-05-27T22:22:13Z,0.7692307692307693,0.8512820512820513,1.0,6.6,0.2,0.476,0.41,0.5407801418439716,28.0,2,1,1,0,0,2,1,5.616771097666572
grpc/grpc,44324.0,11045.0,C++,2014-12-08T18:58:53Z,0.1916578476809108,0.7087176586505127,8.0,5.8,0.6,0.588,0.44,0.8014184397163121,100.0,6,4,1,0,0,5,1,10.699304130942409
pallets/jinja,11441.0,1693.0,Python,2010-10-17T13:41:17Z,0.478629329403095,0.8961753868828297,2.0,5.3,0.0,0.318,0.76,0.9148936170212766,100.0,15,5,5,0,0,10,1,9.345046074828474
python-websockets/websockets,5630.0,579.0,Python,2013-03-30T08:59:30Z,0.9087209302325582,0.9367750070047632,1.0,6.0,0.6,0.6,0.32,0.6963652482269503,82.0,4,1,1,0,0,2,1,8.636042325254618
ansible/ansible,,,,,,,,6.0,0.6,0.6,,,,7,0,1,6,0,1,1,0.0
pallets/markupsafe,686.0,172.0,Python,2010-06-22T17:22:58Z,0.6030805687203792,0.8869329722410291,1.0,5.3,0.0,0.318,0.82,0.7590868794326241,49.0,0,0,0,0,0,0,0,6.532334292222349
sqlalchemy/mako,428.0,69.0,Python,2018-11-26T22:21:34Z,0.7778915046059366,0.8842098422446427,1.0,4.1,0.2,0.3259999999999999,0.9454545454545454,0.6873462367233364,61.0,4,1,1,0,0,2,1,6.061456918928017
lxml/lxml,2993.0,608.0,Python,2011-02-11T05:43:11Z,0.8392857142857143,0.9265736607142856,1.0,5.7,0.4,0.502,1.0,1.0,100.0,11,1,5,0,0,6,1,8.004365564979574
html5lib/html5lib-python,1218.0,302.0,Python,2013-04-09T14:07:42Z,0.2593052109181141,0.8596511015865854,3.0,4.7,0.0,0.282,0.37,0.6585401891252955,66.0,4,0,2,0,0,2,1,7.105786129481271
scrapy/cssselect,307.0,62.0,Python,2012-04-11T08:15:46Z,0.2954545454545454,0.7371995820271683,3.0,5.5,0.0,0.33,0.53,0.5868055555555557,29.0,0,0,0,0,0,0,0,5.730099782973574
scrapy/parsel,1312.0,154.0,Python,2015-04-24T15:53:36Z,0.1533742331288343,0.7546706794767912,4.0,5.4,0.0,0.324,0.47,0.648862293144208,53.0,0,0,0,0,0,0,0,7.180069874302796
celery/kombu,3099.0,980.0,Python,2010-06-23T10:10:24Z,0.6017699115044248,0.8792802359882006,1.0,6.6,0.4,0.556,0.97,0.9893617021276596,100.0,0,0,0,0,0,0,0,8.039157390473237
pika/pika,3857.0,848.0,Python,2009-10-19T23:22:02Z,0.2058823529411764,0.8388815244407622,3.0,4.5,0.2,0.35,0.99,0.9895094562647754,98.0,0,0,0,0,0,0,0,8.257904193465674
celery/py-amqp,314.0,190.0,Python,2012-07-23T13:50:57Z,0.470276008492569,0.8378980891719745,2.0,4.8,0.0,0.288,1.0,1.0,100.0,0,0,0,0,0,0,0,5.752572638825633
scrapy/scrapy,59678.0,11232.0,Python,2010-02-22T02:01:14Z,0.2244045131633932,0.8098746343501881,4.0,6.1,0.6,0.606,0.93,0.975177304964539,100.0,17,5,6,0,0,11,1,10.996735478705087
sdispater/pendulum,6619.0,415.0,Python,2016-06-27T23:37:53Z,0.7363013698630136,0.8569634703196347,1.0,5.4,0.2,0.404,0.98,0.9929078014184396,100.0,0,0,0,0,0,0,0,8.797850648931053
dateutil/dateutil,2596.0,530.0,Python,2014-11-19T18:56:16Z,0.6604683195592287,0.8495454545454545,1.0,5.2,0.2,0.392,0.34,0.755540780141844,97.0,0,0,0,0,0,0,0,7.862112211662748
arrow-py/arrow,9023.0,706.0,Python,2012-11-18T20:23:27Z,0.221604447974583,0.7654884829229548,3.0,6.0,0.2,0.44,0.99,0.99645390070922,100.0,0,0,0,0,0,0,0,9.10764297373784
networkx/networkx,16596.0,3465.0,Python,2010-09-06T00:53:44Z,0.3386572438162544,0.8275151943462897,3.0,5.0,0.0,0.3,0.39,0.7836879432624113,100.0,0,0,0,0,0,0,0,9.71697723512072
python-babel/babel,1426.0,464.0,Python,2013-07-03T12:25:10Z,0.3140643623361144,0.8529320619785459,3.0,7.5,0.4,0.61,0.67,0.8829787234042553,100.0,2,0,1,0,0,1,1,7.263329617476836
sympy/sympy,14367.0,5051.0,Python,2010-04-30T20:37:14Z,0.1540496149826155,0.5822109170026236,9.0,4.2,0.6,0.492,0.52,0.8297872340425533,100.0,0,0,0,0,0,0,0,9.57275879054198
igraph/python-igraph,1434.0,262.0,Python,2015-01-08T23:55:16Z,0.5238095238095238,0.9214896214896214,1.0,4.6,0.4,0.436,0.54,0.7535460992907801,76.0,0,0,0,0,0,0,0,7.268920128193722
hynek/structlog,4550.0,265.0,Python,2013-08-13T15:55:58Z,0.855072463768116,0.9249721293199552,1.0,8.0,0.8,0.8,0.9,0.9645390070921986,100.0,0,0,0,0,0,0,0,8.423102268016642
Delgan/loguru,23570.0,767.0,Python,2017-08-15T17:22:32Z,0.8241206030150754,0.9097012841987716,1.0,6.6,0.2,0.476,0.95,0.8850472813238771,72.0,2,0,1,0,0,1,1,10.067772421843932
prometheus/client_python,4291.0,843.0,Python,2015-02-10T22:47:25Z,0.3779816513761468,0.7333761467889909,2.0,7.1,0.6,0.6659999999999999,0.97,0.9858894799054374,99.0,0,0,0,0,0,0,0,8.36450810375059
jazzband/pathlib2,85.0,30.0,Python,2014-10-18T08:28:33Z,0.5931174089068826,0.854504048582996,1.0,5.0,0.2,0.38,0.2127659574468085,0.2432074130550459,16.0,0,0,0,0,0,0,0,4.454347296253507
getsentry/sentry-python,2135.0,580.0,Python,2018-06-18T22:51:10Z,0.2740088105726872,0.8573127753303964,3.0,5.3,0.4,0.478,0.38,0.776669621749409,99.0,2,0,1,1,0,1,1,7.666690200080086
open-telemetry/opentelemetry-python,2309.0,801.0,Python,2019-05-07T21:13:30Z,0.1558441558441558,0.7339412761151891,7.0,7.3,0.4,0.5980000000000001,0.16,0.702127659574468,100.0,0,0,0,0,0,0,0,7.745002803515839
gorakhargosh/watchdog,7248.0,739.0,Python,2010-10-23T12:00:17Z,0.4767676767676768,0.8751178451178451,2.0,5.2,0.2,0.392,0.94,0.975251182033097,99.0,0,0,0,0,0,0,0,8.888618807300878
tox-dev/py-filelock,932.0,125.0,Python,2014-02-23T00:29:27Z,0.3014354066985646,0.7946933449325794,2.0,5.7,0.6,0.5820000000000001,0.83,0.7799940898345153,54.0,2,0,1,1,0,1,1,6.838405200847344
tox-dev/platformdirs,890.0,75.0,Python,2021-05-13T11:48:19Z,0.2,0.7365909090909091,5.0,5.6,0.8,0.32,0.74,0.8279403073286051,77.0,0,0,0,0,0,0,0,6.792344427470809
ActiveState/appdirs,1078.0,100.0,Python,2010-07-28T04:07:00Z,0.2311111111111111,0.652156862745098,4.0,4.4,0.0,0.264,1.0,0.7393640350877192,31.0,0,0,0,0,0,0,0,6.983789965258135
python/importlib_resources,71.0,48.0,Python,2020-10-21T21:02:58Z,0.7311627906976744,0.9088953488372092,1.0,4.7,0.4,0.442,0.2533333333333333,0.4669497324872464,48.0,0,0,0,0,0,0,0,4.276666119016055
python/importlib_metadata,139.0,94.0,Python,2020-10-22T20:13:11Z,0.8387464387464387,0.9274992558574648,1.0,6.2,0.4,0.532,0.37,0.6620124113475178,67.0,0,0,0,0,0,0,0,4.941642422609304
pypa/packaging,713.0,281.0,Python,2014-05-15T22:49:43Z,0.1983852364475201,0.795282583621684,4.0,8.7,0.2,0.6019999999999999,0.35,0.7695035460992908,100.0,0,0,0,0,0,0,0,6.570882962339584
pypa/setuptools,2804.0,1361.0,Python,2016-03-29T14:02:33Z,0.4715716844689179,0.822095800437869,2.0,5.2,0.4,0.472,0.95,0.9822695035460992,100.0,7,5,0,0,0,5,1,7.9391588179567965
pypa/wheel,548.0,175.0,Python,2017-07-25T20:24:25Z,0.3651911468812877,0.8567919142763558,2.0,5.8,0.0,0.348,0.88,0.9088356973995272,86.0,3,1,1,0,0,2,1,6.3080984415095305
pypa/pip,10086.0,3229.0,Python,2011-03-06T14:30:46Z,0.2185543540125213,0.7816704610130906,5.0,5.7,0.6,0.5820000000000001,0.99,0.9929816784869976,99.0,16,4,3,3,0,7,1,9.219002745054835
pypa/twine,1753.0,326.0,Python,2013-08-13T15:39:39Z,0.2680722891566265,0.8256927710843374,3.0,8.0,0.0,0.48,0.5,0.8226950354609929,100.0,0,0,0,0,0,0,0,7.469654172932128
pypa/flit,2243.0,152.0,Python,2015-03-13T21:22:27Z,0.7212874908558888,0.8744569978415382,1.0,6.1,0.2,0.446,0.73,0.838283096926714,81.0,0,0,0,0,0,0,0,7.716015266642587
pypa/build,833.0,148.0,Python,2020-05-10T16:20:46Z,0.3275675675675675,0.8587956377430062,3.0,6.1,0.2,0.446,0.24,0.5777186761229314,56.0,0,0,0,0,0,0,0,6.726233402358747
pypa/hatch,7135.0,361.0,Python,2017-05-31T23:37:53Z,0.8132820019249278,0.884965085085905,1.0,5.0,0.2,0.38,1.0,0.9791666666666666,94.0,0,0,0,0,0,0,0,8.872907674259846
python-poetry/poetry,34190.0,2398.0,Python,2018-02-28T15:23:47Z,0.3818646232439336,0.8685249042145594,2.0,2.6,0.2,0.236,0.8,0.9290780141843972,100.0,0,0,0,0,0,0,0,10.439717730523846
python/typing_extensions,550.0,132.0,Python,2022-05-19T13:12:25Z,0.3089108910891089,0.7717948717948718,2.0,8.6,0.4,0.676,0.22,0.6470153664302601,78.0,0,0,0,0,0,0,0,6.311734809152915
typeshed-internal/stub_uploader,36.0,22.0,Python,2021-01-21T15:27:10Z,0.3661971830985915,0.6907276995305164,3.0,5.0,0.2,0.38,0.58,0.5871749408983451,24.0,0,0,0,0,0,0,0,3.610917912644224
sphinx-doc/sphinx,7658.0,2375.0,Python,2015-01-02T10:53:28Z,0.4368416012258188,0.882557939092128,2.0,5.0,0.0,0.3,0.46,0.8085106382978724,100.0,0,0,0,0,0,0,0,8.943636705909594
mkdocs/mkdocs,21689.0,2587.0,Python,2014-01-11T21:05:21Z,0.3476482617586912,0.8652760736196319,2.0,4.0,0.2,0.32,0.77,0.9184397163120568,100.0,2,2,0,0,0,2,1,9.98460660382092
squidfunk/mkdocs-material,25988.0,4042.0,Python,2016-01-28T22:09:23Z,0.8085895257222308,0.94037849528812,1.0,4.3,0.4,0.418,0.39,0.7836879432624113,100.0,0,0,0,0,0,0,0,10.16542865055825
graphql-python/gql,1663.0,188.0,Python,2016-06-27T18:08:42Z,0.6215538847117794,0.8110753073159088,1.0,4.9,0.4,0.454,0.66,0.7509604018912531,63.0,0,0,0,0,0,0,0,7.416979621381154
mitmproxy/pdoc,2460.0,213.0,Python,2013-08-04T21:12:50Z,0.5992812219227314,0.8891203136486155,1.0,6.5,0.4,0.55,0.63,0.7507387706855794,66.0,1,1,0,0,0,1,1,7.808323050391055
indygreg/python-zstandard,618.0,108.0,C,2016-09-03T19:28:44Z,0.9397749834546658,0.9443929700713288,1.0,4.1,0.2,0.3259999999999999,0.98,0.8019355791962175,45.0,0,0,0,0,0,0,0,6.428105272684596
google/brotli,14569.0,1317.0,TypeScript,2014-10-09T14:35:14Z,0.4356005788712012,0.880506512301013,2.0,8.1,0.4,0.6459999999999999,0.13,0.6914893617021276,100.0,0,0,0,0,0,0,0,9.58671989918925
mirumee/ariadne,2318.0,189.0,Python,2018-07-09T09:46:17Z,0.6386404293381037,0.8820622485417995,1.0,5.2,0.4,0.472,0.31,0.7101802600472814,87.0,0,0,0,0,0,0,0,7.7488913372555315
jawah/charset_normalizer,736.0,61.0,Python,2019-08-02T15:37:20Z,0.4383561643835616,0.8511415525114154,2.0,8.5,1.0,0.91,0.12,0.4240543735224586,24.0,0,0,0,0,0,0,0,6.602587892189336
uqfoundation/multiprocess,691.0,69.0,Python,2015-06-20T15:45:09Z,0.95,0.87375,1.0,4.6,0.0,0.2759999999999999,0.3369565217391304,0.4243080237596767,10.0,0,0,0,0,0,0,0,6.539585955617669
giampaolo/psutil,11074.0,1462.0,Python,2014-05-23T14:01:48Z,0.8823807274444969,0.954840182648402,1.0,5.6,0.6,0.576,0.56,0.8404994089834515,99.0,0,0,0,0,0,0,0,9.312445594913337
cloudpipe/cloudpickle,1885.0,188.0,Python,2015-04-13T16:33:00Z,0.3053763440860215,0.7639448924731183,3.0,4.5,0.0,0.27,0.63,0.7437943262411348,64.0,0,0,0,0,0,0,0,7.542213463193403
joblib/joblib,4325.0,446.0,Python,2010-05-07T06:48:26Z,0.2772785622593068,0.8626187419768934,2.0,7.1,0.2,0.506,0.82,0.9257535460992908,97.0,0,0,0,0,0,0,0,8.372398606513004
ionelmc/python-tblib,180.0,39.0,Python,2013-12-31T01:43:56Z,0.7136363636363636,0.7990430622009569,1.0,4.2,0.2,0.332,0.9615384615384616,0.5366901039423436,19.0,0,0,0,0,0,0,0,5.198497031265826
uqfoundation/dill,2427.0,189.0,Python,2013-06-28T16:42:27Z,0.8490566037735849,0.9225612203934164,1.0,5.1,0.0,0.306,0.98,0.808880023640662,47.0,0,0,0,0,0,0,0,7.794823152179389
jd/tenacity,8333.0,305.0,Python,2016-08-11T12:44:02Z,0.405607476635514,0.7525046728971962,2.0,6.5,0.0,0.39,0.93,0.9717050827423168,99.0,0,0,0,0,0,0,0,9.0280988119824
hynek/stamina,1325.0,15.0,Python,2022-09-30T17:23:17Z,0.9166666666666666,0.8380376344086021,1.0,5.6,0.8,0.32,0.5402298850574713,0.4719024726158756,8.0,0,0,0,0,0,0,0,7.189922170745808
grantjenks/python-diskcache,2821.0,155.0,Python,2016-02-03T23:59:06Z,0.9578231292517008,0.9252267573696143,1.0,4.0,0.0,0.24,0.7763157894736842,0.5725799427647132,24.0,0,0,0,0,0,0,0,7.945201132412759
tkem/cachetools,2692.0,183.0,Python,2014-03-22T10:15:14Z,0.8534278959810875,0.8848174415550303,1.0,7.2,0.4,0.5920000000000001,0.98,0.7081855791962175,18.0,0,0,0,0,0,0,0,7.898411092811599
tomasbasham/ratelimit,827.0,161.0,Python,2015-08-26T10:39:52Z,0.7894736842105263,0.6783625730994152,1.0,3.2,0.0,0.192,1.0,0.4138523391812865,9.0,0,0,0,0,0,0,0,6.71901315438526
sqlalchemy/dogpile.cache,290.0,48.0,Python,2018-11-24T21:27:23Z,0.7044673539518901,0.8262150220913108,1.0,3.2,0.0,0.192,0.7049180327868853,0.6508800103823097,69.0,0,0,0,0,0,0,0,5.673323267171493
alisaifee/limits,602.0,74.0,Python,2015-01-08T04:34:40Z,0.8913690476190477,0.9329573934837092,1.0,4.2,0.4,0.412,0.84,0.72798463356974,38.0,0,0,0,0,0,0,0,6.401917196727186
pyeve/cerberus,3264.0,239.0,Python,2012-10-10T10:03:49Z,0.4930915371329879,0.8839223571262858,2.0,4.5,0.0,0.27,0.64,0.7577570921985816,67.0,0,0,0,0,0,0,0,8.09101504171053
alecthomas/voluptuous,1849.0,218.0,Python,2010-07-15T09:55:10Z,0.3621730382293762,0.7217505030181087,3.0,4.3,0.0,0.258,0.79,0.9255319148936172,100.0,0,0,0,0,0,0,0,7.52294091807237
mailgun/mailgun-python,5.0,3.0,Python,2025-01-24T13:15:02Z,0.7230769230769231,0.6338461538461538,1.0,5.6,0.4,0.16,0.12,0.0949242565633943,5.0,0,0,0,0,0,0,0,1.791759469228055
sendgrid/sendgrid-python,1620.0,725.0,Python,2012-02-25T19:10:40Z,0.4195700518902891,0.7525648628613788,2.0,4.1,0.4,0.406,1.0,1.0,100.0,0,0,0,0,0,0,0,7.390798521735676
stripe/stripe-python,1950.0,488.0,Python,2011-06-25T19:53:04Z,0.1585030269675288,0.7453219592735277,7.0,7.2,0.6,0.6719999999999999,1.0,1.0,100.0,0,0,0,0,0,0,0,7.576097340623111
authlib/authlib,5203.0,521.0,Python,2017-10-27T06:52:26Z,0.7996422182468694,0.9233691115086464,1.0,5.6,0.6,0.24,0.98,0.9929078014184396,100.0,0,0,0,0,0,0,0,8.557182839632397
oauthlib/oauthlib,2951.0,500.0,Python,2011-11-19T23:08:51Z,0.2803617571059431,0.7651033591731266,2.0,6.6,0.6,0.6359999999999999,0.69,0.8900709219858155,100.0,0,0,0,0,0,0,0,7.990238185720363
mpdavis/python-jose,1726.0,255.0,Python,2015-04-20T19:19:35Z,0.4467153284671533,0.822251000706381,2.0,5.0,0.0,0.3,0.86,0.8149379432624114,61.0,0,0,0,0,0,0,0,7.454141078146678
launchdarkly/python-server-sdk,43.0,45.0,Python,2014-08-06T17:02:49Z,0.2300518134715025,0.7759538389072067,4.0,6.6,0.6,0.6359999999999999,0.99,0.795065011820331,42.0,0,0,0,0,0,0,0,3.784189633918261
elastic/elasticsearch-py,4367.0,1207.0,Python,2013-05-01T22:47:39Z,0.4649021864211737,0.8810817031070195,2.0,5.4,0.4,0.484,0.99,0.99645390070922,100.0,0,0,0,0,0,0,0,8.38206051742474
py-pdf/pypdf,9794.0,1543.0,Python,2012-01-06T17:13:38Z,0.3600597609561753,0.8650896414342629,3.0,6.6,0.4,0.556,1.0,1.0,100.0,0,0,0,0,0,0,0,9.189627330378642
opensearch-project/opensearch-py,456.0,214.0,Python,2021-07-23T17:56:15Z,0.5209542230818827,0.8546163765312701,1.0,5.2,0.8,0.6320000000000001,0.62,0.8652482269503546,100.0,0,0,0,0,0,0,0,6.124683390894205
jsvine/pdfplumber,9678.0,865.0,Python,2015-08-24T03:14:48Z,0.883248730964467,0.9155184916606236,1.0,4.5,0.2,0.35,0.51,0.6248522458628841,42.0,0,0,0,0,0,0,0,9.17771386914909
jmcnamara/XlsxWriter,3904.0,663.0,Python,2013-01-04T01:07:06Z,0.9327052489905788,0.9404093377268296,1.0,5.5,0.4,0.49,0.99,0.8506205673758865,58.0,0,0,0,0,0,0,0,8.270013062273787
wireservice/csvkit,6340.0,672.0,Python,2011-04-01T03:00:30Z,0.3178256611165524,0.9003721841332027,2.0,4.7,0.0,0.282,0.95,0.9822695035460992,100.0,0,0,0,0,0,0,0,8.754791763700032
jazzband/tablib,4751.0,592.0,Python,2011-03-28T02:36:50Z,0.5478187919463087,0.8549832214765101,1.0,5.8,0.4,0.508,0.93,0.975177304964539,100.0,0,0,0,0,0,0,0,8.466320861042481
shapely/shapely,4368.0,610.0,Python,2011-12-31T19:43:11Z,0.4140100671140939,0.879991610738255,2.0,5.1,0.4,0.466,0.66,0.8794326241134752,100.0,0,0,0,0,0,0,0,8.382289428951436
geopandas/geopandas,5040.0,1002.0,Python,2013-06-27T17:03:47Z,0.2123015873015873,0.780813492063492,3.0,5.1,0.4,0.466,0.28,0.7446808510638299,100.0,0,0,0,0,0,0,0,8.525359754082631
python-visualization/folium,7317.0,2251.0,Python,2013-05-09T04:21:35Z,0.3901705115346038,0.8424473420260782,2.0,5.6,0.6,0.576,0.5,0.8157505910165485,98.0,0,0,0,0,0,0,0,8.898092345579153
benfred/py-spy,14919.0,497.0,Rust,2018-08-01T02:22:15Z,0.7231329690346083,0.8599511977179778,1.0,4.6,0.2,0.356,0.38,0.6169473995271867,53.0,0,0,0,0,0,0,0,9.610457873757753
plasma-umass/scalene,13270.0,432.0,JavaScript,2019-12-17T20:56:28Z,0.7570573139435415,0.9466180421112662,1.0,4.1,0.4,0.406,0.38,0.6273640661938534,56.0,0,0,0,0,0,0,0,9.493336482437249
Kozea/CairoSVG,906.0,159.0,Python,2011-08-10T09:15:48Z,0.7460474308300395,0.8959003584888318,1.0,3.7,0.2,0.302,0.8877551020408163,0.7552626341690091,43.0,0,0,0,0,0,0,0,6.810142450115136
MagicStack/contextvars,89.0,9.0,Python,2018-03-21T01:40:24Z,0.8235294117647058,0.5735294117647058,1.0,3.2,0.0,0.192,0.4,0.1205673758865248,4.0,0,0,0,0,0,0,0,4.499809670330265
pallets-eco/blinker,2021.0,187.0,Python,2013-07-03T10:32:39Z,0.3917197452229299,0.7673642705489838,2.0,5.6,0.0,0.0,0.64,0.5980348699763594,21.0,0,0,0,0,0,0,0,7.611842399580417
jab/bidict,1571.0,64.0,Python,2014-09-23T14:00:27Z,0.9366106080206986,0.9066138421733506,1.0,5.5,0.4,0.49,0.36,0.4813829787234042,16.0,0,0,0,0,0,0,0,7.360103972989152
more-itertools/more-itertools,4037.0,311.0,Python,2012-04-26T05:15:14Z,0.6127583108715184,0.8375651392632526,1.0,5.7,0.0,0.342,0.43,0.797872340425532,100.0,0,0,0,0,0,0,0,8.303504798872783
bloomberg/memray,14842.0,431.0,Python,2022-04-08T18:04:11Z,0.3537702607470049,0.883466768331427,2.0,5.9,0.2,0.434,0.66,0.7440159574468086,61.0,0,0,0,0,0,0,0,9.605283652624763
pytoolz/toolz,5112.0,268.0,Python,2013-09-13T02:18:43Z,0.4138211382113821,0.8715248859805672,2.0,5.9,0.0,0.354,0.21,0.6538859338061466,81.0,0,0,0,0,0,0,0,8.53954159508
Suor/funcy,3499.0,150.0,Python,2012-10-13T00:44:57Z,0.9461615154536392,0.9331124274236116,1.0,3.6,0.0,0.216,0.9375,0.6784947741694661,34.0,0,0,0,0,0,0,0,8.160518247477505
mahmoud/boltons,6851.0,381.0,Python,2013-02-20T06:17:12Z,0.8011221945137157,0.9005450291796283,1.0,4.8,0.0,0.288,0.94,0.961362293144208,95.0,0,0,0,0,0,0,0,8.832295859444011
