repo_full_name,quarter,vuln_count,vuln_critical,vuln_high,vuln_medium,vuln_low,vuln_severe,stars,forks,log_stars,transparency_index,governance_index,governance_artifact_score,scorecard_score,external_contributor_ratio,bus_factor_proxy_k50,gini_contrib,top1_share,contributor_count
Azure/azure-sdk-for-python,2022-Q3,1,0,0,1,0,0,5472.0,3226.0,8.607582191143917,0.9646867612293144,0.686,0.8,6.1,0.92,8.0,0.6375721077654517,0.1590068674062335,98.0
Azure/azure-sdk-for-python,2024-Q2,1,0,0,1,0,0,5472.0,3226.0,8.607582191143917,0.9646867612293144,0.686,0.8,6.1,0.92,8.0,0.6375721077654517,0.1590068674062335,98.0
Delgan/loguru,2022-Q1,2,0,1,0,0,1,23570.0,767.0,10.067772421843932,0.8850472813238771,0.476,0.2,6.6,0.95,1.0,0.9097012841987716,0.8241206030150754,72.0
Kludex/starlette,2023-Q1,1,1,0,0,0,1,11902.0,1113.0,9.38454574816788,1.0,0.08,0.2,,1.0,2.0,0.8038335809806836,0.338038632986627,100.0
Kludex/starlette,2023-Q2,3,0,1,0,0,1,11902.0,1113.0,9.38454574816788,1.0,0.08,0.2,,1.0,2.0,0.8038335809806836,0.338038632986627,100.0
Kludex/starlette,2024-Q4,1,0,1,0,0,1,11902.0,1113.0,9.38454574816788,1.0,0.08,0.2,,1.0,2.0,0.8038335809806836,0.338038632986627,100.0
Kludex/starlette,2025-Q3,1,0,1,0,0,1,11902.0,1113.0,9.38454574816788,1.0,0.08,0.2,,1.0,2.0,0.8038335809806836,0.338038632986627,100.0
Kludex/starlette,2025-Q4,1,1,0,0,0,1,11902.0,1113.0,9.38454574816788,1.0,0.08,0.2,,1.0,2.0,0.8038335809806836,0.338038632986627,100.0
Kludex/uvicorn,2020-Q3,4,2,0,0,0,2,10375.0,906.0,9.24725072599628,1.0,0.0,0.0,,1.0,2.0,0.8556006120887528,0.3825554705432287,100.0
Lightning-AI/pytorch-lightning,2021-Q4,1,0,0,0,0,0,30814.0,3669.0,10.335756863396345,0.9505762411347516,0.6500000000000001,0.8,5.5,0.89,3.0,0.8162062538827916,0.2411472354524746,97.0
Lightning-AI/pytorch-lightning,2022-Q1,3,1,1,0,0,2,30814.0,3669.0,10.335756863396345,0.9505762411347516,0.6500000000000001,0.8,5.5,0.89,3.0,0.8162062538827916,0.2411472354524746,97.0
Lightning-AI/pytorch-lightning,2025-Q1,2,2,0,0,0,2,30814.0,3669.0,10.335756863396345,0.9505762411347516,0.6500000000000001,0.8,5.5,0.89,3.0,0.8162062538827916,0.2411472354524746,97.0
MagicStack/asyncpg,2020-Q3,1,0,0,0,0,0,7928.0,437.0,8.978282203272398,0.7307180851063829,0.33,0.0,5.5,0.27,1.0,0.8644191879793094,0.5005820721769499,97.0
MagicStack/asyncpg,2021-Q2,1,1,0,0,0,1,7928.0,437.0,8.978282203272398,0.7307180851063829,0.33,0.0,5.5,0.27,1.0,0.8644191879793094,0.5005820721769499,97.0
aio-libs/aiohttp,2021-Q1,2,0,1,0,0,1,16256.0,2187.0,9.696278864234223,0.8971631205673759,0.6719999999999999,0.6,7.2,0.71,2.0,0.8832812893477714,0.3726181482414169,100.0
aio-libs/aiohttp,2023-Q3,2,0,1,0,0,1,16256.0,2187.0,9.696278864234223,0.8971631205673759,0.6719999999999999,0.6,7.2,0.71,2.0,0.8832812893477714,0.3726181482414169,100.0
aio-libs/aiohttp,2023-Q4,9,2,6,0,0,8,16256.0,2187.0,9.696278864234223,0.8971631205673759,0.6719999999999999,0.6,7.2,0.71,2.0,0.8832812893477714,0.3726181482414169,100.0
aio-libs/aiohttp,2024-Q1,4,1,3,0,0,4,16256.0,2187.0,9.696278864234223,0.8971631205673759,0.6719999999999999,0.6,7.2,0.71,2.0,0.8832812893477714,0.3726181482414169,100.0
aio-libs/aiohttp,2024-Q2,2,1,1,0,0,2,16256.0,2187.0,9.696278864234223,0.8971631205673759,0.6719999999999999,0.6,7.2,0.71,2.0,0.8832812893477714,0.3726181482414169,100.0
aio-libs/aiohttp,2024-Q3,1,0,1,0,0,1,16256.0,2187.0,9.696278864234223,0.8971631205673759,0.6719999999999999,0.6,7.2,0.71,2.0,0.8832812893477714,0.3726181482414169,100.0
aio-libs/aiohttp,2024-Q4,2,1,1,0,0,2,16256.0,2187.0,9.696278864234223,0.8971631205673759,0.6719999999999999,0.6,7.2,0.71,2.0,0.8832812893477714,0.3726181482414169,100.0
aio-libs/aiohttp,2025-Q3,1,0,1,0,0,1,16256.0,2187.0,9.696278864234223,0.8971631205673759,0.6719999999999999,0.6,7.2,0.71,2.0,0.8832812893477714,0.3726181482414169,100.0
aio-libs/aiohttp,2026-Q1,8,4,4,0,0,8,16256.0,2187.0,9.696278864234223,0.8971631205673759,0.6719999999999999,0.6,7.2,0.71,2.0,0.8832812893477714,0.3726181482414169,100.0
aio-libs/aiomysql,2025-Q4,1,1,0,0,0,1,1887.0,266.0,7.543273346705446,0.8546838061465722,0.3959999999999999,0.0,6.6,0.6,3.0,0.8652804377564979,0.3372093023255814,99.0
ansible/ansible,2023-Q4,2,0,0,2,0,0,,,0.0,,0.6,0.6,6.0,,,,,
ansible/ansible,2024-Q1,2,0,0,2,0,0,,,0.0,,0.6,0.6,6.0,,,,,
ansible/ansible,2024-Q3,1,0,0,1,0,0,,,0.0,,0.6,0.6,6.0,,,,,
ansible/ansible,2024-Q4,2,0,1,1,0,1,,,0.0,,0.6,0.6,6.0,,,,,
benoitc/gunicorn,2018-Q2,1,0,0,0,0,0,10427.0,1810.0,9.252249775053391,0.8761820330969267,0.5940000000000001,0.6,5.9,0.69,1.0,0.8591514143094843,0.5221297836938436,96.0
benoitc/gunicorn,2018-Q3,1,1,0,0,0,1,10427.0,1810.0,9.252249775053391,0.8761820330969267,0.5940000000000001,0.6,5.9,0.69,1.0,0.8591514143094843,0.5221297836938436,96.0
benoitc/gunicorn,2024-Q2,1,1,0,0,0,1,10427.0,1810.0,9.252249775053391,0.8761820330969267,0.5940000000000001,0.6,5.9,0.69,1.0,0.8591514143094843,0.5221297836938436,96.0
benoitc/gunicorn,2025-Q1,1,1,0,0,0,1,10427.0,1810.0,9.252249775053391,0.8761820330969267,0.5940000000000001,0.6,5.9,0.69,1.0,0.8591514143094843,0.5221297836938436,96.0
bottlepy/bottle,2014-Q4,1,0,0,0,0,0,8743.0,1492.0,9.076123029856374,0.9433362884160758,0.308,0.2,3.8,0.85,1.0,0.887421451787649,0.7784398699891658,99.0
bottlepy/bottle,2016-Q4,1,0,0,0,0,0,8743.0,1492.0,9.076123029856374,0.9433362884160758,0.308,0.2,3.8,0.85,1.0,0.887421451787649,0.7784398699891658,99.0
bottlepy/bottle,2021-Q1,1,0,0,0,0,0,8743.0,1492.0,9.076123029856374,0.9433362884160758,0.308,0.2,3.8,0.85,1.0,0.887421451787649,0.7784398699891658,99.0
bottlepy/bottle,2021-Q2,1,1,0,0,0,1,8743.0,1492.0,9.076123029856374,0.9433362884160758,0.308,0.2,3.8,0.85,1.0,0.887421451787649,0.7784398699891658,99.0
bottlepy/bottle,2022-Q2,4,2,1,0,0,3,8743.0,1492.0,9.076123029856374,0.9433362884160758,0.308,0.2,3.8,0.85,1.0,0.887421451787649,0.7784398699891658,99.0
celery/celery,2011-Q4,1,0,0,0,0,0,27982.0,4939.0,10.239352461914338,1.0,0.514,0.4,5.9,1.0,1.0,0.9066625813142264,0.5318186103516546,100.0
celery/celery,2021-Q4,1,0,0,0,0,0,27982.0,4939.0,10.239352461914338,1.0,0.514,0.4,5.9,1.0,1.0,0.9066625813142264,0.5318186103516546,100.0
celery/celery,2022-Q1,1,1,0,0,0,1,27982.0,4939.0,10.239352461914338,1.0,0.514,0.4,5.9,1.0,1.0,0.9066625813142264,0.5318186103516546,100.0
celery/celery,2022-Q2,1,0,0,0,0,0,27982.0,4939.0,10.239352461914338,1.0,0.514,0.4,5.9,1.0,1.0,0.9066625813142264,0.5318186103516546,100.0
certifi/python-certifi,2022-Q4,2,0,1,0,0,1,956.0,276.0,6.863803391452954,0.724290780141844,0.494,0.2,6.9,0.81,2.0,0.7765151515151516,0.296969696969697,40.0
certifi/python-certifi,2023-Q3,2,1,0,0,0,1,956.0,276.0,6.863803391452954,0.724290780141844,0.494,0.2,6.9,0.81,2.0,0.7765151515151516,0.296969696969697,40.0
certifi/python-certifi,2024-Q3,2,1,0,0,0,1,956.0,276.0,6.863803391452954,0.724290780141844,0.494,0.2,6.9,0.81,2.0,0.7765151515151516,0.296969696969697,40.0
dask/dask,2021-Q4,1,0,0,0,0,0,13733.0,1842.0,9.527629789180622,0.6666666666666666,0.44,0.2,6.0,0.06,3.0,0.8116436510609633,0.3422027618726844,100.0
django/django,2007-Q4,1,0,0,0,0,0,86710.0,33636.0,11.370336028999896,0.9361702127659576,0.6599999999999999,0.6,7.0,0.82,7.0,0.7116008537886873,0.1246531483457844,100.0
django/django,2008-Q2,1,0,0,0,0,0,86710.0,33636.0,11.370336028999896,0.9361702127659576,0.6599999999999999,0.6,7.0,0.82,7.0,0.7116008537886873,0.1246531483457844,100.0
django/django,2008-Q3,1,0,0,0,0,0,86710.0,33636.0,11.370336028999896,0.9361702127659576,0.6599999999999999,0.6,7.0,0.82,7.0,0.7116008537886873,0.1246531483457844,100.0
django/django,2009-Q3,1,0,0,0,0,0,86710.0,33636.0,11.370336028999896,0.9361702127659576,0.6599999999999999,0.6,7.0,0.82,7.0,0.7116008537886873,0.1246531483457844,100.0
django/django,2009-Q4,1,0,0,0,0,0,86710.0,33636.0,11.370336028999896,0.9361702127659576,0.6599999999999999,0.6,7.0,0.82,7.0,0.7116008537886873,0.1246531483457844,100.0
django/django,2010-Q3,1,0,0,0,0,0,86710.0,33636.0,11.370336028999896,0.9361702127659576,0.6599999999999999,0.6,7.0,0.82,7.0,0.7116008537886873,0.1246531483457844,100.0
django/django,2011-Q1,5,0,0,0,0,0,86710.0,33636.0,11.370336028999896,0.9361702127659576,0.6599999999999999,0.6,7.0,0.82,7.0,0.7116008537886873,0.1246531483457844,100.0
django/django,2011-Q4,5,0,0,0,0,0,86710.0,33636.0,11.370336028999896,0.9361702127659576,0.6599999999999999,0.6,7.0,0.82,7.0,0.7116008537886873,0.1246531483457844,100.0
django/django,2012-Q3,3,0,0,0,0,0,86710.0,33636.0,11.370336028999896,0.9361702127659576,0.6599999999999999,0.6,7.0,0.82,7.0,0.7116008537886873,0.1246531483457844,100.0
django/django,2012-Q4,1,0,0,0,0,0,86710.0,33636.0,11.370336028999896,0.9361702127659576,0.6599999999999999,0.6,7.0,0.82,7.0,0.7116008537886873,0.1246531483457844,100.0
django/django,2013-Q2,2,0,0,0,0,0,86710.0,33636.0,11.370336028999896,0.9361702127659576,0.6599999999999999,0.6,7.0,0.82,7.0,0.7116008537886873,0.1246531483457844,100.0
django/django,2013-Q3,2,0,0,0,0,0,86710.0,33636.0,11.370336028999896,0.9361702127659576,0.6599999999999999,0.6,7.0,0.82,7.0,0.7116008537886873,0.1246531483457844,100.0
django/django,2013-Q4,2,0,0,0,0,0,86710.0,33636.0,11.370336028999896,0.9361702127659576,0.6599999999999999,0.6,7.0,0.82,7.0,0.7116008537886873,0.1246531483457844,100.0
django/django,2014-Q2,5,0,0,0,0,0,86710.0,33636.0,11.370336028999896,0.9361702127659576,0.6599999999999999,0.6,7.0,0.82,7.0,0.7116008537886873,0.1246531483457844,100.0
django/django,2014-Q3,4,0,0,0,0,0,86710.0,33636.0,11.370336028999896,0.9361702127659576,0.6599999999999999,0.6,7.0,0.82,7.0,0.7116008537886873,0.1246531483457844,100.0
django/django,2015-Q1,7,0,0,0,0,0,86710.0,33636.0,11.370336028999896,0.9361702127659576,0.6599999999999999,0.6,7.0,0.82,7.0,0.7116008537886873,0.1246531483457844,100.0
django/django,2015-Q2,1,0,0,0,0,0,86710.0,33636.0,11.370336028999896,0.9361702127659576,0.6599999999999999,0.6,7.0,0.82,7.0,0.7116008537886873,0.1246531483457844,100.0
django/django,2015-Q3,5,0,0,0,0,0,86710.0,33636.0,11.370336028999896,0.9361702127659576,0.6599999999999999,0.6,7.0,0.82,7.0,0.7116008537886873,0.1246531483457844,100.0
django/django,2015-Q4,1,0,0,0,0,0,86710.0,33636.0,11.370336028999896,0.9361702127659576,0.6599999999999999,0.6,7.0,0.82,7.0,0.7116008537886873,0.1246531483457844,100.0
django/django,2016-Q1,1,0,0,0,0,0,86710.0,33636.0,11.370336028999896,0.9361702127659576,0.6599999999999999,0.6,7.0,0.82,7.0,0.7116008537886873,0.1246531483457844,100.0
django/django,2016-Q2,2,0,0,0,0,0,86710.0,33636.0,11.370336028999896,0.9361702127659576,0.6599999999999999,0.6,7.0,0.82,7.0,0.7116008537886873,0.1246531483457844,100.0
django/django,2016-Q3,1,0,0,0,0,0,86710.0,33636.0,11.370336028999896,0.9361702127659576,0.6599999999999999,0.6,7.0,0.82,7.0,0.7116008537886873,0.1246531483457844,100.0
django/django,2016-Q4,3,0,0,0,0,0,86710.0,33636.0,11.370336028999896,0.9361702127659576,0.6599999999999999,0.6,7.0,0.82,7.0,0.7116008537886873,0.1246531483457844,100.0
django/django,2017-Q2,2,0,0,0,0,0,86710.0,33636.0,11.370336028999896,0.9361702127659576,0.6599999999999999,0.6,7.0,0.82,7.0,0.7116008537886873,0.1246531483457844,100.0
django/django,2017-Q3,1,0,0,0,0,0,86710.0,33636.0,11.370336028999896,0.9361702127659576,0.6599999999999999,0.6,7.0,0.82,7.0,0.7116008537886873,0.1246531483457844,100.0
django/django,2018-Q1,3,0,0,0,0,0,86710.0,33636.0,11.370336028999896,0.9361702127659576,0.6599999999999999,0.6,7.0,0.82,7.0,0.7116008537886873,0.1246531483457844,100.0
django/django,2018-Q3,10,5,3,1,0,8,86710.0,33636.0,11.370336028999896,0.9361702127659576,0.6599999999999999,0.6,7.0,0.82,7.0,0.7116008537886873,0.1246531483457844,100.0
django/django,2018-Q4,4,1,2,0,0,3,86710.0,33636.0,11.370336028999896,0.9361702127659576,0.6599999999999999,0.6,7.0,0.82,7.0,0.7116008537886873,0.1246531483457844,100.0
django/django,2019-Q1,9,1,6,0,0,7,86710.0,33636.0,11.370336028999896,0.9361702127659576,0.6599999999999999,0.6,7.0,0.82,7.0,0.7116008537886873,0.1246531483457844,100.0
django/django,2019-Q2,3,0,2,0,0,2,86710.0,33636.0,11.370336028999896,0.9361702127659576,0.6599999999999999,0.6,7.0,0.82,7.0,0.7116008537886873,0.1246531483457844,100.0
django/django,2019-Q3,11,5,1,0,0,6,86710.0,33636.0,11.370336028999896,0.9361702127659576,0.6599999999999999,0.6,7.0,0.82,7.0,0.7116008537886873,0.1246531483457844,100.0
django/django,2019-Q4,3,0,1,0,0,1,86710.0,33636.0,11.370336028999896,0.9361702127659576,0.6599999999999999,0.6,7.0,0.82,7.0,0.7116008537886873,0.1246531483457844,100.0
django/django,2020-Q1,4,2,0,0,0,2,86710.0,33636.0,11.370336028999896,0.9361702127659576,0.6599999999999999,0.6,7.0,0.82,7.0,0.7116008537886873,0.1246531483457844,100.0
django/django,2020-Q2,5,1,2,0,0,3,86710.0,33636.0,11.370336028999896,0.9361702127659576,0.6599999999999999,0.6,7.0,0.82,7.0,0.7116008537886873,0.1246531483457844,100.0
django/django,2020-Q3,2,0,0,0,0,0,86710.0,33636.0,11.370336028999896,0.9361702127659576,0.6599999999999999,0.6,7.0,0.82,7.0,0.7116008537886873,0.1246531483457844,100.0
django/django,2021-Q1,4,2,1,0,0,3,86710.0,33636.0,11.370336028999896,0.9361702127659576,0.6599999999999999,0.6,7.0,0.82,7.0,0.7116008537886873,0.1246531483457844,100.0
django/django,2021-Q2,10,2,3,0,0,5,86710.0,33636.0,11.370336028999896,0.9361702127659576,0.6599999999999999,0.6,7.0,0.82,7.0,0.7116008537886873,0.1246531483457844,100.0
django/django,2021-Q3,2,1,0,0,0,1,86710.0,33636.0,11.370336028999896,0.9361702127659576,0.6599999999999999,0.6,7.0,0.82,7.0,0.7116008537886873,0.1246531483457844,100.0
django/django,2021-Q4,2,0,1,0,0,1,86710.0,33636.0,11.370336028999896,0.9361702127659576,0.6599999999999999,0.6,7.0,0.82,7.0,0.7116008537886873,0.1246531483457844,100.0
django/django,2022-Q1,10,3,2,0,0,5,86710.0,33636.0,11.370336028999896,0.9361702127659576,0.6599999999999999,0.6,7.0,0.82,7.0,0.7116008537886873,0.1246531483457844,100.0
django/django,2022-Q2,54,32,15,1,0,47,86710.0,33636.0,11.370336028999896,0.9361702127659576,0.6599999999999999,0.6,7.0,0.82,7.0,0.7116008537886873,0.1246531483457844,100.0
django/django,2022-Q3,4,2,0,0,0,2,86710.0,33636.0,11.370336028999896,0.9361702127659576,0.6599999999999999,0.6,7.0,0.82,7.0,0.7116008537886873,0.1246531483457844,100.0
django/django,2022-Q4,2,1,0,0,0,1,86710.0,33636.0,11.370336028999896,0.9361702127659576,0.6599999999999999,0.6,7.0,0.82,7.0,0.7116008537886873,0.1246531483457844,100.0
django/django,2023-Q1,4,2,0,0,0,2,86710.0,33636.0,11.370336028999896,0.9361702127659576,0.6599999999999999,0.6,7.0,0.82,7.0,0.7116008537886873,0.1246531483457844,100.0
django/django,2023-Q2,2,1,0,0,0,1,86710.0,33636.0,11.370336028999896,0.9361702127659576,0.6599999999999999,0.6,7.0,0.82,7.0,0.7116008537886873,0.1246531483457844,100.0
django/django,2023-Q3,2,1,0,0,0,1,86710.0,33636.0,11.370336028999896,0.9361702127659576,0.6599999999999999,0.6,7.0,0.82,7.0,0.7116008537886873,0.1246531483457844,100.0
django/django,2023-Q4,6,2,1,0,0,3,86710.0,33636.0,11.370336028999896,0.9361702127659576,0.6599999999999999,0.6,7.0,0.82,7.0,0.7116008537886873,0.1246531483457844,100.0
django/django,2024-Q1,4,1,1,0,0,2,86710.0,33636.0,11.370336028999896,0.9361702127659576,0.6599999999999999,0.6,7.0,0.82,7.0,0.7116008537886873,0.1246531483457844,100.0
django/django,2024-Q3,16,4,4,0,0,8,86710.0,33636.0,11.370336028999896,0.9361702127659576,0.6599999999999999,0.6,7.0,0.82,7.0,0.7116008537886873,0.1246531483457844,100.0
django/django,2024-Q4,7,2,2,0,0,4,86710.0,33636.0,11.370336028999896,0.9361702127659576,0.6599999999999999,0.6,7.0,0.82,7.0,0.7116008537886873,0.1246531483457844,100.0
django/django,2025-Q1,4,1,1,0,0,2,86710.0,33636.0,11.370336028999896,0.9361702127659576,0.6599999999999999,0.6,7.0,0.82,7.0,0.7116008537886873,0.1246531483457844,100.0
django/django,2025-Q2,6,2,1,0,0,3,86710.0,33636.0,11.370336028999896,0.9361702127659576,0.6599999999999999,0.6,7.0,0.82,7.0,0.7116008537886873,0.1246531483457844,100.0
django/django,2025-Q3,1,0,1,0,0,1,86710.0,33636.0,11.370336028999896,0.9361702127659576,0.6599999999999999,0.6,7.0,0.82,7.0,0.7116008537886873,0.1246531483457844,100.0
django/django,2025-Q4,6,2,4,0,0,6,86710.0,33636.0,11.370336028999896,0.9361702127659576,0.6599999999999999,0.6,7.0,0.82,7.0,0.7116008537886873,0.1246531483457844,100.0
django/django,2026-Q1,4,2,2,0,0,4,86710.0,33636.0,11.370336028999896,0.9361702127659576,0.6599999999999999,0.6,7.0,0.82,7.0,0.7116008537886873,0.1246531483457844,100.0
encode/django-rest-framework,2020-Q3,1,0,0,0,0,0,29863.0,7064.0,10.30440902059442,0.9929078014184396,0.618,0.6,6.3,0.98,1.0,0.8219698537017881,0.5637653317570563,100.0
encode/django-rest-framework,2021-Q1,1,0,1,0,0,1,29863.0,7064.0,10.30440902059442,0.9929078014184396,0.618,0.6,6.3,0.98,1.0,0.8219698537017881,0.5637653317570563,100.0
encode/django-rest-framework,2024-Q2,1,0,1,0,0,1,29863.0,7064.0,10.30440902059442,0.9929078014184396,0.618,0.6,6.3,0.98,1.0,0.8219698537017881,0.5637653317570563,100.0
encode/httpx,2022-Q2,2,1,0,0,0,1,14974.0,1030.0,9.61413742298365,0.9965277777777778,0.52,0.4,6.0,1.0,1.0,0.8440218181818182,0.5178181818181818,99.0
fabric/fabric,2022-Q2,1,0,0,0,0,0,15392.0,1959.0,9.641668139610074,0.7152039007092199,0.314,0.2,3.9,0.99,1.0,0.9344643500474896,0.9813316739265712,19.0
fastapi/fastapi,2021-Q2,2,1,0,0,0,1,94899.0,8653.0,11.46057898459802,0.8049645390070922,0.24,0.6,,0.45,1.0,0.8345290468133107,0.550761421319797,100.0
fastapi/fastapi,2024-Q1,1,1,0,0,0,1,94899.0,8653.0,11.46057898459802,0.8049645390070922,0.24,0.6,,0.45,1.0,0.8345290468133107,0.550761421319797,100.0
getsentry/sentry-python,2023-Q1,1,0,1,0,0,1,2135.0,580.0,7.666690200080086,0.776669621749409,0.478,0.4,5.3,0.38,3.0,0.8573127753303964,0.2740088105726872,99.0
getsentry/sentry-python,2024-Q3,1,0,0,1,0,0,2135.0,580.0,7.666690200080086,0.776669621749409,0.478,0.4,5.3,0.38,3.0,0.8573127753303964,0.2740088105726872,99.0
gevent/gevent,2023-Q3,2,1,0,0,0,1,6434.0,961.0,8.769507120030227,0.9717050827423168,0.258,0.0,4.3,0.93,2.0,0.9562767521646788,0.467243914393073,99.0
grpc/grpc,2017-Q2,1,0,0,0,0,0,44324.0,11045.0,10.699304130942409,0.8014184397163121,0.588,0.6,5.8,0.44,8.0,0.7087176586505127,0.1916578476809108,100.0
grpc/grpc,2023-Q3,5,4,1,0,0,5,44324.0,11045.0,10.699304130942409,0.8014184397163121,0.588,0.6,5.8,0.44,8.0,0.7087176586505127,0.1916578476809108,100.0
html5lib/html5lib-python,2017-Q1,2,0,0,0,0,0,1218.0,302.0,7.105786129481271,0.6585401891252955,0.282,0.0,4.7,0.37,3.0,0.8596511015865854,0.2593052109181141,66.0
html5lib/html5lib-python,2022-Q2,2,0,2,0,0,2,1218.0,302.0,7.105786129481271,0.6585401891252955,0.282,0.0,4.7,0.37,3.0,0.8596511015865854,0.2593052109181141,66.0
http://github.com/sanic-org/sanic,2017-Q4,1,0,0,0,0,0,,,,,,,,,,,,
http://github.com/sanic-org/sanic,2022-Q1,1,0,0,0,0,0,,,,,,,,,,,,
http://github.com/sanic-org/sanic,2022-Q2,1,1,0,0,0,1,,,,,,,,,,,,
http://github.com/sanic-org/sanic,2022-Q3,1,1,0,0,0,1,,,,,,,,,,,,
huggingface/transformers,2023-Q2,2,0,0,2,0,0,156224.0,31994.0,11.959052554797282,0.9716312056737588,0.51,0.6,4.5,0.92,9.0,0.657082175466455,0.0915707291253142,100.0
huggingface/transformers,2023-Q4,4,2,2,0,0,4,156224.0,31994.0,11.959052554797282,0.9716312056737588,0.51,0.6,4.5,0.92,9.0,0.657082175466455,0.0915707291253142,100.0
huggingface/transformers,2024-Q2,1,0,1,0,0,1,156224.0,31994.0,11.959052554797282,0.9716312056737588,0.51,0.6,4.5,0.92,9.0,0.657082175466455,0.0915707291253142,100.0
huggingface/transformers,2024-Q4,6,6,0,0,0,6,156224.0,31994.0,11.959052554797282,0.9716312056737588,0.51,0.6,4.5,0.92,9.0,0.657082175466455,0.0915707291253142,100.0
huggingface/transformers,2025-Q1,1,0,1,0,0,1,156224.0,31994.0,11.959052554797282,0.9716312056737588,0.51,0.6,4.5,0.92,9.0,0.657082175466455,0.0915707291253142,100.0
huggingface/transformers,2025-Q2,3,1,2,0,0,3,156224.0,31994.0,11.959052554797282,0.9716312056737588,0.51,0.6,4.5,0.92,9.0,0.657082175466455,0.0915707291253142,100.0
huggingface/transformers,2025-Q3,9,0,8,1,0,8,156224.0,31994.0,11.959052554797282,0.9716312056737588,0.51,0.6,4.5,0.92,9.0,0.657082175466455,0.0915707291253142,100.0
ijl/orjson,2024-Q1,2,1,0,0,0,1,7877.0,290.0,8.971829343530851,0.732565011820331,0.312,0.0,5.2,0.99,1.0,0.9231651376146788,0.9515072083879424,24.0
ijl/orjson,2026-Q1,1,0,1,0,0,1,7877.0,290.0,8.971829343530851,0.732565011820331,0.312,0.0,5.2,0.99,1.0,0.9231651376146788,0.9515072083879424,24.0
ipython/ipython,2014-Q3,1,0,0,0,0,0,16674.0,4460.0,9.721665870783823,0.8297872340425533,0.526,0.4,6.1,0.52,3.0,0.8517669565217392,0.2176618357487922,100.0
ipython/ipython,2015-Q3,2,0,0,0,0,0,16674.0,4460.0,9.721665870783823,0.8297872340425533,0.526,0.4,6.1,0.52,3.0,0.8517669565217392,0.2176618357487922,100.0
ipython/ipython,2017-Q3,3,0,0,0,0,0,16674.0,4460.0,9.721665870783823,0.8297872340425533,0.526,0.4,6.1,0.52,3.0,0.8517669565217392,0.2176618357487922,100.0
ipython/ipython,2022-Q1,2,0,1,0,0,1,16674.0,4460.0,9.721665870783823,0.8297872340425533,0.526,0.4,6.1,0.52,3.0,0.8517669565217392,0.2176618357487922,100.0
ipython/ipython,2022-Q2,6,3,3,0,0,6,16674.0,4460.0,9.721665870783823,0.8297872340425533,0.526,0.4,6.1,0.52,3.0,0.8517669565217392,0.2176618357487922,100.0
ipython/ipython,2023-Q1,1,0,0,1,0,0,16674.0,4460.0,9.721665870783823,0.8297872340425533,0.526,0.4,6.1,0.52,3.0,0.8517669565217392,0.2176618357487922,100.0
jpadilla/pyjwt,2017-Q3,1,0,0,0,0,0,5588.0,725.0,8.628555659269699,0.9787234042553192,0.6659999999999999,0.6,7.1,0.94,3.0,0.7848240635641317,0.2996594778660613,100.0
jpadilla/pyjwt,2022-Q2,3,2,0,0,0,2,5588.0,725.0,8.628555659269699,0.9787234042553192,0.6659999999999999,0.6,7.1,0.94,3.0,0.7848240635641317,0.2996594778660613,100.0
jpadilla/pyjwt,2024-Q4,1,0,0,1,0,0,5588.0,725.0,8.628555659269699,0.9787234042553192,0.6659999999999999,0.6,7.1,0.94,3.0,0.7848240635641317,0.2996594778660613,100.0
jupyter/notebook,2015-Q3,2,0,0,0,0,0,12933.0,5589.0,9.46761478200654,0.9290780141843972,0.338,0.2,4.3,0.8,4.0,0.831624803767661,0.2331240188383045,100.0
jupyter/notebook,2018-Q1,1,0,0,0,0,0,12933.0,5589.0,9.46761478200654,0.9290780141843972,0.338,0.2,4.3,0.8,4.0,0.831624803767661,0.2331240188383045,100.0
jupyter/notebook,2018-Q3,1,0,1,0,0,1,12933.0,5589.0,9.46761478200654,0.9290780141843972,0.338,0.2,4.3,0.8,4.0,0.831624803767661,0.2331240188383045,100.0
jupyter/notebook,2018-Q4,4,0,2,0,0,2,12933.0,5589.0,9.46761478200654,0.9290780141843972,0.338,0.2,4.3,0.8,4.0,0.831624803767661,0.2331240188383045,100.0
jupyter/notebook,2019-Q1,1,0,0,0,0,0,12933.0,5589.0,9.46761478200654,0.9290780141843972,0.338,0.2,4.3,0.8,4.0,0.831624803767661,0.2331240188383045,100.0
jupyter/notebook,2019-Q2,3,0,2,0,0,2,12933.0,5589.0,9.46761478200654,0.9290780141843972,0.338,0.2,4.3,0.8,4.0,0.831624803767661,0.2331240188383045,100.0
jupyter/notebook,2019-Q4,2,0,1,0,0,1,12933.0,5589.0,9.46761478200654,0.9290780141843972,0.338,0.2,4.3,0.8,4.0,0.831624803767661,0.2331240188383045,100.0
jupyter/notebook,2020-Q4,2,0,1,0,0,1,12933.0,5589.0,9.46761478200654,0.9290780141843972,0.338,0.2,4.3,0.8,4.0,0.831624803767661,0.2331240188383045,100.0
jupyter/notebook,2021-Q3,3,2,0,0,0,2,12933.0,5589.0,9.46761478200654,0.9290780141843972,0.338,0.2,4.3,0.8,4.0,0.831624803767661,0.2331240188383045,100.0
jupyter/notebook,2022-Q1,1,0,0,0,0,0,12933.0,5589.0,9.46761478200654,0.9290780141843972,0.338,0.2,4.3,0.8,4.0,0.831624803767661,0.2331240188383045,100.0
jupyter/notebook,2022-Q2,6,2,3,0,0,5,12933.0,5589.0,9.46761478200654,0.9290780141843972,0.338,0.2,4.3,0.8,4.0,0.831624803767661,0.2331240188383045,100.0
jupyter/notebook,2024-Q1,2,0,2,0,0,2,12933.0,5589.0,9.46761478200654,0.9290780141843972,0.338,0.2,4.3,0.8,4.0,0.831624803767661,0.2331240188383045,100.0
jupyter/notebook,2024-Q3,1,0,1,0,0,1,12933.0,5589.0,9.46761478200654,0.9290780141843972,0.338,0.2,4.3,0.8,4.0,0.831624803767661,0.2331240188383045,100.0
jupyterlab/jupyterlab,2021-Q3,2,1,0,0,0,1,15006.0,3893.0,9.616272037895987,0.9646128841607564,0.404,0.2,5.4,0.91,3.0,0.8251049610818462,0.2843777026495793,99.0
jupyterlab/jupyterlab,2024-Q1,2,0,2,0,0,2,15006.0,3893.0,9.616272037895987,0.9646128841607564,0.404,0.2,5.4,0.91,3.0,0.8251049610818462,0.2843777026495793,99.0
jupyterlab/jupyterlab,2024-Q3,1,0,1,0,0,1,15006.0,3893.0,9.616272037895987,0.9646128841607564,0.404,0.2,5.4,0.91,3.0,0.8251049610818462,0.2843777026495793,99.0
jupyterlab/jupyterlab,2025-Q3,1,0,1,0,0,1,15006.0,3893.0,9.616272037895987,0.9646128841607564,0.404,0.2,5.4,0.91,3.0,0.8251049610818462,0.2843777026495793,99.0
keras-team/keras,2024-Q2,1,1,0,0,0,1,63755.0,19688.0,11.062818576238945,0.99645390070922,0.622,0.4,7.7,0.99,3.0,0.7444939446366782,0.4230103806228373,100.0
keras-team/keras,2025-Q1,2,2,0,0,0,2,63755.0,19688.0,11.062818576238945,0.99645390070922,0.622,0.4,7.7,0.99,3.0,0.7444939446366782,0.4230103806228373,100.0
keras-team/keras,2025-Q3,3,2,1,0,0,3,63755.0,19688.0,11.062818576238945,0.99645390070922,0.622,0.4,7.7,0.99,3.0,0.7444939446366782,0.4230103806228373,100.0
keras-team/keras,2025-Q4,3,2,1,0,0,3,63755.0,19688.0,11.062818576238945,0.99645390070922,0.622,0.4,7.7,0.99,3.0,0.7444939446366782,0.4230103806228373,100.0
keras-team/keras,2026-Q1,2,2,0,0,0,2,63755.0,19688.0,11.062818576238945,0.99645390070922,0.622,0.4,7.7,0.99,3.0,0.7444939446366782,0.4230103806228373,100.0
kjd/idna,2024-Q2,1,0,1,0,0,1,274.0,110.0,5.616771097666572,0.5407801418439716,0.476,0.2,6.6,0.41,1.0,0.8512820512820513,0.7692307692307693,28.0
kjd/idna,2024-Q3,1,1,0,0,0,1,274.0,110.0,5.616771097666572,0.5407801418439716,0.476,0.2,6.6,0.41,1.0,0.8512820512820513,0.7692307692307693,28.0
lxml/lxml,2014-Q2,1,0,0,0,0,0,2993.0,608.0,8.004365564979574,1.0,0.502,0.4,5.7,1.0,1.0,0.9265736607142856,0.8392857142857143,100.0
lxml/lxml,2018-Q4,1,0,0,0,0,0,2993.0,608.0,8.004365564979574,1.0,0.502,0.4,5.7,1.0,1.0,0.9265736607142856,0.8392857142857143,100.0
lxml/lxml,2020-Q4,1,0,0,0,0,0,2993.0,608.0,8.004365564979574,1.0,0.502,0.4,5.7,1.0,1.0,0.9265736607142856,0.8392857142857143,100.0
lxml/lxml,2021-Q1,3,0,2,0,0,2,2993.0,608.0,8.004365564979574,1.0,0.502,0.4,5.7,1.0,1.0,0.9265736607142856,0.8392857142857143,100.0
lxml/lxml,2021-Q4,1,1,0,0,0,1,2993.0,608.0,8.004365564979574,1.0,0.502,0.4,5.7,1.0,1.0,0.9265736607142856,0.8392857142857143,100.0
lxml/lxml,2022-Q2,2,0,2,0,0,2,2993.0,608.0,8.004365564979574,1.0,0.502,0.4,5.7,1.0,1.0,0.9265736607142856,0.8392857142857143,100.0
lxml/lxml,2022-Q3,2,0,1,0,0,1,2993.0,608.0,8.004365564979574,1.0,0.502,0.4,5.7,1.0,1.0,0.9265736607142856,0.8392857142857143,100.0
marshmallow-code/marshmallow,2018-Q3,1,0,0,0,0,0,7233.0,654.0,8.886547412512042,0.9822695035460992,0.5940000000000001,0.6,5.9,0.95,1.0,0.8941083521444695,0.6103273137697517,100.0
marshmallow-code/marshmallow,2018-Q4,1,0,1,0,0,1,7233.0,654.0,8.886547412512042,0.9822695035460992,0.5940000000000001,0.6,5.9,0.95,1.0,0.8941083521444695,0.6103273137697517,100.0
marshmallow-code/marshmallow,2025-Q4,1,0,1,0,0,1,7233.0,654.0,8.886547412512042,0.9822695035460992,0.5940000000000001,0.6,5.9,0.95,1.0,0.8941083521444695,0.6103273137697517,100.0
microsoft/LightGBM,2024-Q4,2,2,0,0,0,2,18072.0,3982.0,9.802174390835638,0.950428486997636,0.6920000000000001,0.8,6.2,0.87,2.0,0.8671752694271129,0.2566647759500851,99.0
mitmproxy/pdoc,2024-Q2,1,1,0,0,0,1,2460.0,213.0,7.808323050391055,0.7507387706855794,0.55,0.4,6.5,0.63,1.0,0.8891203136486155,0.5992812219227314,66.0
mkdocs/mkdocs,2021-Q4,2,2,0,0,0,2,21689.0,2587.0,9.98460660382092,0.9184397163120568,0.32,0.2,4.0,0.77,2.0,0.8652760736196319,0.3476482617586912,100.0
mongodb/mongo-python-driver,2013-Q3,1,0,0,0,0,0,4331.0,1138.0,8.37378460812088,0.8263150118203311,0.532,0.4,6.2,0.52,3.0,0.893803125,0.22375,99.0
mongodb/mongo-python-driver,2022-Q2,1,0,1,0,0,1,4331.0,1138.0,8.37378460812088,0.8263150118203311,0.532,0.4,6.2,0.52,3.0,0.893803125,0.22375,99.0
mongodb/mongo-python-driver,2024-Q2,1,0,1,0,0,1,4331.0,1138.0,8.37378460812088,0.8263150118203311,0.532,0.4,6.2,0.52,3.0,0.893803125,0.22375,99.0
nltk/nltk,2019-Q3,2,1,0,0,0,1,14494.0,2977.0,9.581559041355757,0.9220596926713948,0.502,0.4,5.7,0.79,2.0,0.8383354820226329,0.3702191663085518,99.0
nltk/nltk,2021-Q3,2,1,0,0,0,1,14494.0,2977.0,9.581559041355757,0.9220596926713948,0.502,0.4,5.7,0.79,2.0,0.8383354820226329,0.3702191663085518,99.0
nltk/nltk,2021-Q4,1,0,0,0,0,0,14494.0,2977.0,9.581559041355757,0.9220596926713948,0.502,0.4,5.7,0.79,2.0,0.8383354820226329,0.3702191663085518,99.0
nltk/nltk,2022-Q1,3,2,0,0,0,2,14494.0,2977.0,9.581559041355757,0.9220596926713948,0.502,0.4,5.7,0.79,2.0,0.8383354820226329,0.3702191663085518,99.0
nltk/nltk,2024-Q2,2,1,0,0,0,1,14494.0,2977.0,9.581559041355757,0.9220596926713948,0.502,0.4,5.7,0.79,2.0,0.8383354820226329,0.3702191663085518,99.0
numpy/numpy,2017-Q3,1,0,0,0,0,0,31403.0,12029.0,10.354690552318148,0.8085106382978724,0.512,0.2,7.2,0.46,6.0,0.7237715829896174,0.203242781965581,100.0
numpy/numpy,2018-Q1,2,0,0,0,0,0,31403.0,12029.0,10.354690552318148,0.8085106382978724,0.512,0.2,7.2,0.46,6.0,0.7237715829896174,0.203242781965581,100.0
numpy/numpy,2019-Q1,1,0,0,0,0,0,31403.0,12029.0,10.354690552318148,0.8085106382978724,0.512,0.2,7.2,0.46,6.0,0.7237715829896174,0.203242781965581,100.0
numpy/numpy,2021-Q4,5,0,1,0,0,1,31403.0,12029.0,10.354690552318148,0.8085106382978724,0.512,0.2,7.2,0.46,6.0,0.7237715829896174,0.203242781965581,100.0
numpy/numpy,2022-Q1,3,1,1,1,0,2,31403.0,12029.0,10.354690552318148,0.8085106382978724,0.512,0.2,7.2,0.46,6.0,0.7237715829896174,0.203242781965581,100.0
numpy/numpy,2022-Q2,4,2,0,2,0,2,31403.0,12029.0,10.354690552318148,0.8085106382978724,0.512,0.2,7.2,0.46,6.0,0.7237715829896174,0.203242781965581,100.0
opencv/opencv-python,2021-Q4,30,22,5,3,0,27,5182.0,999.0,8.553139318189707,0.8116873522458631,0.392,0.2,5.2,0.89,1.0,0.8952103644572401,0.5910815939278937,57.0
opencv/opencv-python,2023-Q3,1,0,0,0,0,0,5182.0,999.0,8.553139318189707,0.8116873522458631,0.392,0.2,5.2,0.89,1.0,0.8952103644572401,0.5910815939278937,57.0
opencv/opencv-python,2024-Q3,1,1,0,0,0,1,5182.0,999.0,8.553139318189707,0.8116873522458631,0.392,0.2,5.2,0.89,1.0,0.8952103644572401,0.5910815939278937,57.0
pallets/flask,2018-Q3,2,1,0,0,0,1,71144.0,16696.0,11.172475326979791,0.9894355791962176,0.36,0.0,6.0,0.98,2.0,0.8548394097222223,0.3917100694444444,99.0
pallets/flask,2019-Q3,2,1,0,0,0,1,71144.0,16696.0,11.172475326979791,0.9894355791962176,0.36,0.0,6.0,0.98,2.0,0.8548394097222223,0.3917100694444444,99.0
pallets/flask,2023-Q2,2,1,0,0,0,1,71144.0,16696.0,11.172475326979791,0.9894355791962176,0.36,0.0,6.0,0.98,2.0,0.8548394097222223,0.3917100694444444,99.0
pallets/flask,2025-Q2,1,0,0,1,0,0,71144.0,16696.0,11.172475326979791,0.9894355791962176,0.36,0.0,6.0,0.98,2.0,0.8548394097222223,0.3917100694444444,99.0
pallets/jinja,2014-Q2,2,0,0,0,0,0,11441.0,1693.0,9.345046074828474,0.9148936170212766,0.318,0.0,5.3,0.76,2.0,0.8961753868828297,0.478629329403095,100.0
pallets/jinja,2019-Q2,4,2,0,0,0,2,11441.0,1693.0,9.345046074828474,0.9148936170212766,0.318,0.0,5.3,0.76,2.0,0.8961753868828297,0.478629329403095,100.0
pallets/jinja,2021-Q1,2,0,1,0,0,1,11441.0,1693.0,9.345046074828474,0.9148936170212766,0.318,0.0,5.3,0.76,2.0,0.8961753868828297,0.478629329403095,100.0
pallets/jinja,2022-Q2,2,1,1,0,0,2,11441.0,1693.0,9.345046074828474,0.9148936170212766,0.318,0.0,5.3,0.76,2.0,0.8961753868828297,0.478629329403095,100.0
pallets/jinja,2024-Q1,1,0,1,0,0,1,11441.0,1693.0,9.345046074828474,0.9148936170212766,0.318,0.0,5.3,0.76,2.0,0.8961753868828297,0.478629329403095,100.0
pallets/jinja,2024-Q2,1,0,1,0,0,1,11441.0,1693.0,9.345046074828474,0.9148936170212766,0.318,0.0,5.3,0.76,2.0,0.8961753868828297,0.478629329403095,100.0
pallets/jinja,2024-Q4,2,1,1,0,0,2,11441.0,1693.0,9.345046074828474,0.9148936170212766,0.318,0.0,5.3,0.76,2.0,0.8961753868828297,0.478629329403095,100.0
pallets/jinja,2025-Q1,1,1,0,0,0,1,11441.0,1693.0,9.345046074828474,0.9148936170212766,0.318,0.0,5.3,0.76,2.0,0.8961753868828297,0.478629329403095,100.0
pallets/quart,2024-Q4,1,1,0,0,0,1,3591.0,193.0,8.18646442942209,0.9681589834515368,0.08,0.2,,0.92,1.0,0.8838037865748709,0.810671256454389,99.0
pallets/werkzeug,2017-Q4,1,0,0,0,0,0,6840.0,1761.0,8.830689198760998,0.946808510638298,0.366,0.0,6.1,0.85,2.0,0.8884925373134328,0.3332089552238806,100.0
pallets/werkzeug,2019-Q3,2,1,0,0,0,1,6840.0,1761.0,8.830689198760998,0.946808510638298,0.366,0.0,6.1,0.85,2.0,0.8884925373134328,0.3332089552238806,100.0
pallets/werkzeug,2020-Q4,1,0,0,0,0,0,6840.0,1761.0,8.830689198760998,0.946808510638298,0.366,0.0,6.1,0.85,2.0,0.8884925373134328,0.3332089552238806,100.0
pallets/werkzeug,2021-Q2,1,0,1,0,0,1,6840.0,1761.0,8.830689198760998,0.946808510638298,0.366,0.0,6.1,0.85,2.0,0.8884925373134328,0.3332089552238806,100.0
pallets/werkzeug,2022-Q2,3,1,1,0,0,2,6840.0,1761.0,8.830689198760998,0.946808510638298,0.366,0.0,6.1,0.85,2.0,0.8884925373134328,0.3332089552238806,100.0
pallets/werkzeug,2023-Q1,4,1,0,1,0,1,6840.0,1761.0,8.830689198760998,0.946808510638298,0.366,0.0,6.1,0.85,2.0,0.8884925373134328,0.3332089552238806,100.0
pallets/werkzeug,2023-Q4,2,1,1,0,0,2,6840.0,1761.0,8.830689198760998,0.946808510638298,0.366,0.0,6.1,0.85,2.0,0.8884925373134328,0.3332089552238806,100.0
pallets/werkzeug,2024-Q2,1,1,0,0,0,1,6840.0,1761.0,8.830689198760998,0.946808510638298,0.366,0.0,6.1,0.85,2.0,0.8884925373134328,0.3332089552238806,100.0
pallets/werkzeug,2024-Q4,2,1,1,0,0,2,6840.0,1761.0,8.830689198760998,0.946808510638298,0.366,0.0,6.1,0.85,2.0,0.8884925373134328,0.3332089552238806,100.0
pallets/werkzeug,2025-Q4,1,0,1,0,0,1,6840.0,1761.0,8.830689198760998,0.946808510638298,0.366,0.0,6.1,0.85,2.0,0.8884925373134328,0.3332089552238806,100.0
pallets/werkzeug,2026-Q1,1,0,1,0,0,1,6840.0,1761.0,8.830689198760998,0.946808510638298,0.366,0.0,6.1,0.85,2.0,0.8884925373134328,0.3332089552238806,100.0
pandas-dev/pandas,2020-Q2,1,0,0,0,0,0,47834.0,19626.0,10.775512868112267,0.9929816784869976,0.464,0.2,6.4,0.99,5.0,0.7560412195537387,0.1692726963038664,99.0
paramiko/paramiko,2008-Q1,1,0,0,0,0,0,9666.0,2034.0,9.176473302464606,0.9437056737588652,0.46,0.4,5.0,0.9,1.0,0.9142177215189874,0.6967088607594937,94.0
paramiko/paramiko,2018-Q1,1,0,0,0,0,0,9666.0,2034.0,9.176473302464606,0.9437056737588652,0.46,0.4,5.0,0.9,1.0,0.9142177215189874,0.6967088607594937,94.0
paramiko/paramiko,2018-Q3,1,1,0,0,0,1,9666.0,2034.0,9.176473302464606,0.9437056737588652,0.46,0.4,5.0,0.9,1.0,0.9142177215189874,0.6967088607594937,94.0
paramiko/paramiko,2018-Q4,2,1,0,0,0,1,9666.0,2034.0,9.176473302464606,0.9437056737588652,0.46,0.4,5.0,0.9,1.0,0.9142177215189874,0.6967088607594937,94.0
paramiko/paramiko,2022-Q1,2,0,1,0,0,1,9666.0,2034.0,9.176473302464606,0.9437056737588652,0.46,0.4,5.0,0.9,1.0,0.9142177215189874,0.6967088607594937,94.0
paramiko/paramiko,2022-Q2,1,0,1,0,0,1,9666.0,2034.0,9.176473302464606,0.9437056737588652,0.46,0.4,5.0,0.9,1.0,0.9142177215189874,0.6967088607594937,94.0
paramiko/paramiko,2023-Q4,1,1,0,0,0,1,9666.0,2034.0,9.176473302464606,0.9437056737588652,0.46,0.4,5.0,0.9,1.0,0.9142177215189874,0.6967088607594937,94.0
psf/black,2024-Q1,2,0,1,0,0,1,41363.0,2721.0,10.630166216304866,0.8794326241134752,0.6779999999999999,0.6,7.3,0.66,5.0,0.7604640371229698,0.2157772621809744,100.0
psf/requests,2014-Q4,2,0,0,0,0,0,53721.0,9731.0,10.891577880026055,0.9717050827423168,0.916,1.0,8.6,0.93,2.0,0.8517780252412769,0.3973645137342242,99.0
psf/requests,2015-Q1,1,0,0,0,0,0,53721.0,9731.0,10.891577880026055,0.9717050827423168,0.916,1.0,8.6,0.93,2.0,0.8517780252412769,0.3973645137342242,99.0
psf/requests,2018-Q4,2,1,0,0,0,1,53721.0,9731.0,10.891577880026055,0.9717050827423168,0.916,1.0,8.6,0.93,2.0,0.8517780252412769,0.3973645137342242,99.0
psf/requests,2022-Q2,3,0,2,0,0,2,53721.0,9731.0,10.891577880026055,0.9717050827423168,0.916,1.0,8.6,0.93,2.0,0.8517780252412769,0.3973645137342242,99.0
psf/requests,2023-Q2,2,0,1,0,0,1,53721.0,9731.0,10.891577880026055,0.9717050827423168,0.916,1.0,8.6,0.93,2.0,0.8517780252412769,0.3973645137342242,99.0
psf/requests,2024-Q2,1,0,0,1,0,0,53721.0,9731.0,10.891577880026055,0.9717050827423168,0.916,1.0,8.6,0.93,2.0,0.8517780252412769,0.3973645137342242,99.0
psf/requests,2025-Q2,1,0,1,0,0,1,53721.0,9731.0,10.891577880026055,0.9717050827423168,0.916,1.0,8.6,0.93,2.0,0.8517780252412769,0.3973645137342242,99.0
pyca/cryptography,2017-Q1,1,0,0,0,0,0,7469.0,1702.0,8.918650278126863,0.7198581560283688,0.48,0.0,8.0,0.21,2.0,0.9183122127837348,0.3257902799053057,100.0
pyca/cryptography,2018-Q3,2,1,0,0,0,1,7469.0,1702.0,8.918650278126863,0.7198581560283688,0.48,0.0,8.0,0.21,2.0,0.9183122127837348,0.3257902799053057,100.0
pyca/cryptography,2020-Q4,1,0,1,0,0,1,7469.0,1702.0,8.918650278126863,0.7198581560283688,0.48,0.0,8.0,0.21,2.0,0.9183122127837348,0.3257902799053057,100.0
pyca/cryptography,2021-Q1,3,1,0,0,0,1,7469.0,1702.0,8.918650278126863,0.7198581560283688,0.48,0.0,8.0,0.21,2.0,0.9183122127837348,0.3257902799053057,100.0
pyca/cryptography,2022-Q2,1,1,0,0,0,1,7469.0,1702.0,8.918650278126863,0.7198581560283688,0.48,0.0,8.0,0.21,2.0,0.9183122127837348,0.3257902799053057,100.0
pyca/cryptography,2022-Q4,1,0,0,0,0,0,7469.0,1702.0,8.918650278126863,0.7198581560283688,0.48,0.0,8.0,0.21,2.0,0.9183122127837348,0.3257902799053057,100.0
pyca/cryptography,2023-Q1,2,1,1,0,0,2,7469.0,1702.0,8.918650278126863,0.7198581560283688,0.48,0.0,8.0,0.21,2.0,0.9183122127837348,0.3257902799053057,100.0
pyca/cryptography,2023-Q2,1,0,0,0,0,0,7469.0,1702.0,8.918650278126863,0.7198581560283688,0.48,0.0,8.0,0.21,2.0,0.9183122127837348,0.3257902799053057,100.0
pyca/cryptography,2023-Q3,4,1,0,0,0,1,7469.0,1702.0,8.918650278126863,0.7198581560283688,0.48,0.0,8.0,0.21,2.0,0.9183122127837348,0.3257902799053057,100.0
pyca/cryptography,2023-Q4,2,2,0,0,0,2,7469.0,1702.0,8.918650278126863,0.7198581560283688,0.48,0.0,8.0,0.21,2.0,0.9183122127837348,0.3257902799053057,100.0
pyca/cryptography,2024-Q1,4,3,0,1,0,3,7469.0,1702.0,8.918650278126863,0.7198581560283688,0.48,0.0,8.0,0.21,2.0,0.9183122127837348,0.3257902799053057,100.0
pyca/cryptography,2024-Q3,1,0,0,0,0,0,7469.0,1702.0,8.918650278126863,0.7198581560283688,0.48,0.0,8.0,0.21,2.0,0.9183122127837348,0.3257902799053057,100.0
pyca/cryptography,2025-Q1,1,0,0,0,0,0,7469.0,1702.0,8.918650278126863,0.7198581560283688,0.48,0.0,8.0,0.21,2.0,0.9183122127837348,0.3257902799053057,100.0
pyca/cryptography,2026-Q1,1,1,0,0,0,1,7469.0,1702.0,8.918650278126863,0.7198581560283688,0.48,0.0,8.0,0.21,2.0,0.9183122127837348,0.3257902799053057,100.0
pyca/pyopenssl,2013-Q3,1,0,0,0,0,0,931.0,422.0,6.837332814685591,0.7663268321513002,0.378,0.0,6.3,0.39,3.0,0.8612848689771766,0.2041420118343195,95.0
pyca/pyopenssl,2018-Q4,4,2,0,0,0,2,931.0,422.0,6.837332814685591,0.7663268321513002,0.378,0.0,6.3,0.39,3.0,0.8612848689771766,0.2041420118343195,95.0
pyca/pyopenssl,2022-Q2,1,1,0,0,0,1,931.0,422.0,6.837332814685591,0.7663268321513002,0.378,0.0,6.3,0.39,3.0,0.8612848689771766,0.2041420118343195,95.0
pydantic/pydantic,2021-Q2,2,0,0,1,0,0,26720.0,2430.0,10.193205052099978,0.875886524822695,0.47,0.2,6.5,0.65,4.0,0.8441126279863481,0.2495733788395904,100.0
pydantic/pydantic,2024-Q2,1,1,0,0,0,1,26720.0,2430.0,10.193205052099978,0.875886524822695,0.47,0.2,6.5,0.65,4.0,0.8441126279863481,0.2495733788395904,100.0
pypa/pip,2013-Q3,2,0,0,0,0,0,10086.0,3229.0,9.219002745054835,0.9929816784869976,0.5820000000000001,0.6,5.7,0.99,5.0,0.7816704610130906,0.2185543540125213,99.0
pypa/pip,2014-Q4,1,0,0,0,0,0,10086.0,3229.0,9.219002745054835,0.9929816784869976,0.5820000000000001,0.6,5.7,0.99,5.0,0.7816704610130906,0.2185543540125213,99.0
pypa/pip,2019-Q4,1,0,0,0,0,0,10086.0,3229.0,9.219002745054835,0.9929816784869976,0.5820000000000001,0.6,5.7,0.99,5.0,0.7816704610130906,0.2185543540125213,99.0
pypa/pip,2020-Q3,1,0,0,0,0,0,10086.0,3229.0,9.219002745054835,0.9929816784869976,0.5820000000000001,0.6,5.7,0.99,5.0,0.7816704610130906,0.2185543540125213,99.0
pypa/pip,2021-Q2,1,1,0,0,0,1,10086.0,3229.0,9.219002745054835,0.9929816784869976,0.5820000000000001,0.6,5.7,0.99,5.0,0.7816704610130906,0.2185543540125213,99.0
pypa/pip,2021-Q4,2,0,1,0,0,1,10086.0,3229.0,9.219002745054835,0.9929816784869976,0.5820000000000001,0.6,5.7,0.99,5.0,0.7816704610130906,0.2185543540125213,99.0
pypa/pip,2022-Q2,4,2,2,0,0,4,10086.0,3229.0,9.219002745054835,0.9929816784869976,0.5820000000000001,0.6,5.7,0.99,5.0,0.7816704610130906,0.2185543540125213,99.0
pypa/pip,2023-Q4,2,0,0,2,0,0,10086.0,3229.0,9.219002745054835,0.9929816784869976,0.5820000000000001,0.6,5.7,0.99,5.0,0.7816704610130906,0.2185543540125213,99.0
pypa/pip,2025-Q3,1,1,0,0,0,1,10086.0,3229.0,9.219002745054835,0.9929816784869976,0.5820000000000001,0.6,5.7,0.99,5.0,0.7816704610130906,0.2185543540125213,99.0
pypa/pip,2026-Q1,1,0,0,1,0,0,10086.0,3229.0,9.219002745054835,0.9929816784869976,0.5820000000000001,0.6,5.7,0.99,5.0,0.7816704610130906,0.2185543540125213,99.0
pypa/setuptools,2013-Q3,1,0,0,0,0,0,2804.0,1361.0,7.9391588179567965,0.9822695035460992,0.472,0.4,5.2,0.95,2.0,0.822095800437869,0.4715716844689179,100.0
pypa/setuptools,2022-Q2,1,1,0,0,0,1,2804.0,1361.0,7.9391588179567965,0.9822695035460992,0.472,0.4,5.2,0.95,2.0,0.822095800437869,0.4715716844689179,100.0
pypa/setuptools,2022-Q4,2,1,0,0,0,1,2804.0,1361.0,7.9391588179567965,0.9822695035460992,0.472,0.4,5.2,0.95,2.0,0.822095800437869,0.4715716844689179,100.0
pypa/setuptools,2024-Q3,1,1,0,0,0,1,2804.0,1361.0,7.9391588179567965,0.9822695035460992,0.472,0.4,5.2,0.95,2.0,0.822095800437869,0.4715716844689179,100.0
pypa/setuptools,2025-Q2,2,2,0,0,0,2,2804.0,1361.0,7.9391588179567965,0.9822695035460992,0.472,0.4,5.2,0.95,2.0,0.822095800437869,0.4715716844689179,100.0
pypa/wheel,2022-Q4,2,1,0,0,0,1,548.0,175.0,6.3080984415095305,0.9088356973995272,0.348,0.0,5.8,0.88,2.0,0.8567919142763558,0.3651911468812877,86.0
pypa/wheel,2026-Q1,1,0,1,0,0,1,548.0,175.0,6.3080984415095305,0.9088356973995272,0.348,0.0,5.8,0.88,2.0,0.8567919142763558,0.3651911468812877,86.0
python-babel/babel,2021-Q4,2,0,1,0,0,1,1426.0,464.0,7.263329617476836,0.8829787234042553,0.61,0.4,7.5,0.67,3.0,0.8529320619785459,0.3140643623361144,100.0
python-pillow/Pillow,2014-Q2,3,0,0,0,0,0,13368.0,2403.0,9.500693872983122,0.9397163120567376,0.696,0.6,7.6,0.83,2.0,0.90924017111428,0.352566714198411,100.0
python-pillow/Pillow,2014-Q3,1,0,0,0,0,0,13368.0,2403.0,9.500693872983122,0.9397163120567376,0.696,0.6,7.6,0.83,2.0,0.90924017111428,0.352566714198411,100.0
python-pillow/Pillow,2015-Q1,1,0,0,0,0,0,13368.0,2403.0,9.500693872983122,0.9397163120567376,0.696,0.6,7.6,0.83,2.0,0.90924017111428,0.352566714198411,100.0
python-pillow/Pillow,2015-Q2,1,0,0,0,0,0,13368.0,2403.0,9.500693872983122,0.9397163120567376,0.696,0.6,7.6,0.83,2.0,0.90924017111428,0.352566714198411,100.0
python-pillow/Pillow,2016-Q2,3,0,0,0,0,0,13368.0,2403.0,9.500693872983122,0.9397163120567376,0.696,0.6,7.6,0.83,2.0,0.90924017111428,0.352566714198411,100.0
python-pillow/Pillow,2016-Q4,2,0,0,0,0,0,13368.0,2403.0,9.500693872983122,0.9397163120567376,0.696,0.6,7.6,0.83,2.0,0.90924017111428,0.352566714198411,100.0
python-pillow/Pillow,2017-Q2,1,0,0,0,0,0,13368.0,2403.0,9.500693872983122,0.9397163120567376,0.696,0.6,7.6,0.83,2.0,0.90924017111428,0.352566714198411,100.0
python-pillow/Pillow,2018-Q3,6,1,4,1,0,5,13368.0,2403.0,9.500693872983122,0.9397163120567376,0.696,0.6,7.6,0.83,2.0,0.90924017111428,0.352566714198411,100.0
python-pillow/Pillow,2019-Q4,2,1,0,0,0,1,13368.0,2403.0,9.500693872983122,0.9397163120567376,0.696,0.6,7.6,0.83,2.0,0.90924017111428,0.352566714198411,100.0
python-pillow/Pillow,2020-Q1,5,0,0,0,0,0,13368.0,2403.0,9.500693872983122,0.9397163120567376,0.696,0.6,7.6,0.83,2.0,0.90924017111428,0.352566714198411,100.0
python-pillow/Pillow,2020-Q2,8,1,1,1,0,2,13368.0,2403.0,9.500693872983122,0.9397163120567376,0.696,0.6,7.6,0.83,2.0,0.90924017111428,0.352566714198411,100.0
python-pillow/Pillow,2020-Q3,4,1,1,2,0,2,13368.0,2403.0,9.500693872983122,0.9397163120567376,0.696,0.6,7.6,0.83,2.0,0.90924017111428,0.352566714198411,100.0
python-pillow/Pillow,2021-Q1,22,8,3,0,0,11,13368.0,2403.0,9.500693872983122,0.9397163120567376,0.696,0.6,7.6,0.83,2.0,0.90924017111428,0.352566714198411,100.0
python-pillow/Pillow,2021-Q2,13,5,0,2,0,5,13368.0,2403.0,9.500693872983122,0.9397163120567376,0.696,0.6,7.6,0.83,2.0,0.90924017111428,0.352566714198411,100.0
python-pillow/Pillow,2021-Q3,3,1,0,0,0,1,13368.0,2403.0,9.500693872983122,0.9397163120567376,0.696,0.6,7.6,0.83,2.0,0.90924017111428,0.352566714198411,100.0
python-pillow/Pillow,2021-Q4,4,3,0,1,0,3,13368.0,2403.0,9.500693872983122,0.9397163120567376,0.696,0.6,7.6,0.83,2.0,0.90924017111428,0.352566714198411,100.0
python-pillow/Pillow,2022-Q1,9,2,2,0,0,4,13368.0,2403.0,9.500693872983122,0.9397163120567376,0.696,0.6,7.6,0.83,2.0,0.90924017111428,0.352566714198411,100.0
python-pillow/Pillow,2022-Q2,9,7,1,1,0,8,13368.0,2403.0,9.500693872983122,0.9397163120567376,0.696,0.6,7.6,0.83,2.0,0.90924017111428,0.352566714198411,100.0
python-pillow/Pillow,2022-Q3,1,0,0,0,0,0,13368.0,2403.0,9.500693872983122,0.9397163120567376,0.696,0.6,7.6,0.83,2.0,0.90924017111428,0.352566714198411,100.0
python-pillow/Pillow,2022-Q4,5,2,0,0,0,2,13368.0,2403.0,9.500693872983122,0.9397163120567376,0.696,0.6,7.6,0.83,2.0,0.90924017111428,0.352566714198411,100.0
python-pillow/Pillow,2023-Q3,2,1,0,0,0,1,13368.0,2403.0,9.500693872983122,0.9397163120567376,0.696,0.6,7.6,0.83,2.0,0.90924017111428,0.352566714198411,100.0
python-pillow/Pillow,2023-Q4,2,1,0,0,0,1,13368.0,2403.0,9.500693872983122,0.9397163120567376,0.696,0.6,7.6,0.83,2.0,0.90924017111428,0.352566714198411,100.0
python-pillow/Pillow,2024-Q1,1,1,0,0,0,1,13368.0,2403.0,9.500693872983122,0.9397163120567376,0.696,0.6,7.6,0.83,2.0,0.90924017111428,0.352566714198411,100.0
python-pillow/Pillow,2024-Q2,1,0,0,1,0,0,13368.0,2403.0,9.500693872983122,0.9397163120567376,0.696,0.6,7.6,0.83,2.0,0.90924017111428,0.352566714198411,100.0
python-pillow/Pillow,2025-Q3,2,0,1,0,0,1,13368.0,2403.0,9.500693872983122,0.9397163120567376,0.696,0.6,7.6,0.83,2.0,0.90924017111428,0.352566714198411,100.0
python-pillow/Pillow,2026-Q1,1,1,0,0,0,1,13368.0,2403.0,9.500693872983122,0.9397163120567376,0.696,0.6,7.6,0.83,2.0,0.90924017111428,0.352566714198411,100.0
python-websockets/websockets,2018-Q2,1,0,0,0,0,0,5630.0,579.0,8.636042325254618,0.6963652482269503,0.6,0.6,6.0,0.32,1.0,0.9367750070047632,0.9087209302325582,82.0
python-websockets/websockets,2018-Q3,1,1,0,0,0,1,5630.0,579.0,8.636042325254618,0.6963652482269503,0.6,0.6,6.0,0.32,1.0,0.9367750070047632,0.9087209302325582,82.0
python-websockets/websockets,2021-Q2,2,0,1,0,0,1,5630.0,579.0,8.636042325254618,0.6963652482269503,0.6,0.6,6.0,0.32,1.0,0.9367750070047632,0.9087209302325582,82.0
redis/redis-py,2023-Q1,4,0,2,0,0,2,13467.0,2654.0,9.508071780280964,0.99645390070922,0.5680000000000001,0.4,6.8,0.99,3.0,0.7739318600368325,0.3554327808471454,100.0
scikit-learn/scikit-learn,2020-Q2,1,0,0,0,0,0,64953.0,26670.0,11.081434606037671,0.797872340425532,0.89,0.8,9.5,0.43,9.0,0.6661778771983955,0.0987349583461894,100.0
scikit-learn/scikit-learn,2020-Q4,1,0,0,0,0,0,64953.0,26670.0,11.081434606037671,0.797872340425532,0.89,0.8,9.5,0.43,9.0,0.6661778771983955,0.0987349583461894,100.0
scikit-learn/scikit-learn,2022-Q2,2,2,0,0,0,2,64953.0,26670.0,11.081434606037671,0.797872340425532,0.89,0.8,9.5,0.43,9.0,0.6661778771983955,0.0987349583461894,100.0
scikit-learn/scikit-learn,2024-Q2,2,0,1,1,0,1,64953.0,26670.0,11.081434606037671,0.797872340425532,0.89,0.8,9.5,0.43,9.0,0.6661778771983955,0.0987349583461894,100.0
scipy/scipy,2019-Q4,1,0,0,0,0,0,14436.0,5610.0,9.577549634629817,0.8156028368794326,0.642,0.6,6.7,0.48,8.0,0.6429584808496942,0.1324750563244287,100.0
scipy/scipy,2022-Q2,1,0,1,0,0,1,14436.0,5610.0,9.577549634629817,0.8156028368794326,0.642,0.6,6.7,0.48,8.0,0.6429584808496942,0.1324750563244287,100.0
scipy/scipy,2023-Q3,2,0,0,0,0,0,14436.0,5610.0,9.577549634629817,0.8156028368794326,0.642,0.6,6.7,0.48,8.0,0.6429584808496942,0.1324750563244287,100.0
scrapy/scrapy,2017-Q3,1,0,0,0,0,0,59678.0,11232.0,10.996735478705087,0.975177304964539,0.606,0.6,6.1,0.93,4.0,0.8098746343501881,0.2244045131633932,100.0
scrapy/scrapy,2021-Q4,2,0,1,0,0,1,59678.0,11232.0,10.996735478705087,0.975177304964539,0.606,0.6,6.1,0.93,4.0,0.8098746343501881,0.2244045131633932,100.0
scrapy/scrapy,2022-Q1,3,0,1,0,0,1,59678.0,11232.0,10.996735478705087,0.975177304964539,0.606,0.6,6.1,0.93,4.0,0.8098746343501881,0.2244045131633932,100.0
scrapy/scrapy,2022-Q2,1,1,0,0,0,1,59678.0,11232.0,10.996735478705087,0.975177304964539,0.606,0.6,6.1,0.93,4.0,0.8098746343501881,0.2244045131633932,100.0
scrapy/scrapy,2022-Q3,1,0,0,0,0,0,59678.0,11232.0,10.996735478705087,0.975177304964539,0.606,0.6,6.1,0.93,4.0,0.8098746343501881,0.2244045131633932,100.0
scrapy/scrapy,2024-Q1,4,3,1,0,0,4,59678.0,11232.0,10.996735478705087,0.975177304964539,0.606,0.6,6.1,0.93,4.0,0.8098746343501881,0.2244045131633932,100.0
scrapy/scrapy,2024-Q2,4,0,3,0,0,3,59678.0,11232.0,10.996735478705087,0.975177304964539,0.606,0.6,6.1,0.93,4.0,0.8098746343501881,0.2244045131633932,100.0
scrapy/scrapy,2025-Q4,1,1,0,0,0,1,59678.0,11232.0,10.996735478705087,0.975177304964539,0.606,0.6,6.1,0.93,4.0,0.8098746343501881,0.2244045131633932,100.0
sqlalchemy/mako,2010-Q3,1,0,0,0,0,0,428.0,69.0,6.061456918928017,0.6873462367233364,0.3259999999999999,0.2,4.1,0.9454545454545454,1.0,0.8842098422446427,0.7778915046059366,61.0
sqlalchemy/mako,2022-Q2,1,0,1,0,0,1,428.0,69.0,6.061456918928017,0.6873462367233364,0.3259999999999999,0.2,4.1,0.9454545454545454,1.0,0.8842098422446427,0.7778915046059366,61.0
sqlalchemy/mako,2022-Q3,2,1,0,0,0,1,428.0,69.0,6.061456918928017,0.6873462367233364,0.3259999999999999,0.2,4.1,0.9454545454545454,1.0,0.8842098422446427,0.7778915046059366,61.0
sqlalchemy/sqlalchemy,2012-Q2,1,0,0,0,0,0,11480.0,1634.0,9.348448774093812,0.9609929078014184,0.6620000000000001,0.8,5.7,0.89,1.0,0.9483018094513088,0.8335187679334778,100.0
sqlalchemy/sqlalchemy,2019-Q1,2,0,0,0,0,0,11480.0,1634.0,9.348448774093812,0.9609929078014184,0.6620000000000001,0.8,5.7,0.89,1.0,0.9483018094513088,0.8335187679334778,100.0
sqlalchemy/sqlalchemy,2019-Q2,2,1,1,0,0,2,11480.0,1634.0,9.348448774093812,0.9609929078014184,0.6620000000000001,0.8,5.7,0.89,1.0,0.9483018094513088,0.8335187679334778,100.0
sqlalchemy/sqlalchemy,2022-Q2,1,1,0,0,0,1,11480.0,1634.0,9.348448774093812,0.9609929078014184,0.6620000000000001,0.8,5.7,0.89,1.0,0.9483018094513088,0.8335187679334778,100.0
strawberry-graphql/strawberry,2024-Q3,2,1,0,1,0,1,4607.0,609.0,8.435549202375727,0.8156028368794326,0.404,0.2,5.4,0.48,2.0,0.8647701969740222,0.2826149015129888,100.0
strawberry-graphql/strawberry,2025-Q1,1,0,1,0,0,1,4607.0,609.0,8.435549202375727,0.8156028368794326,0.404,0.2,5.4,0.48,2.0,0.8647701969740222,0.2826149015129888,100.0
tensorflow/tensorflow,2019-Q2,12,4,2,0,0,6,193660.0,75218.0,12.17386448684113,0.9822695035460992,0.758,0.8,7.3,0.95,3.0,0.6176544577302286,0.4766687644220684,100.0
tensorflow/tensorflow,2019-Q4,2,0,0,1,0,0,193660.0,75218.0,12.17386448684113,0.9822695035460992,0.758,0.8,7.3,0.95,3.0,0.6176544577302286,0.4766687644220684,100.0
tensorflow/tensorflow,2020-Q1,2,0,0,1,0,0,193660.0,75218.0,12.17386448684113,0.9822695035460992,0.758,0.8,7.3,0.95,3.0,0.6176544577302286,0.4766687644220684,100.0
tensorflow/tensorflow,2020-Q2,2,0,1,0,0,1,193660.0,75218.0,12.17386448684113,0.9822695035460992,0.758,0.8,7.3,0.95,3.0,0.6176544577302286,0.4766687644220684,100.0
tensorflow/tensorflow,2020-Q3,50,17,8,0,0,25,193660.0,75218.0,12.17386448684113,0.9822695035460992,0.758,0.8,7.3,0.95,3.0,0.6176544577302286,0.4766687644220684,100.0
tensorflow/tensorflow,2020-Q4,15,1,1,5,0,2,193660.0,75218.0,12.17386448684113,0.9822695035460992,0.758,0.8,7.3,0.95,3.0,0.6176544577302286,0.4766687644220684,100.0
tensorflow/tensorflow,2021-Q1,1,0,0,0,0,0,193660.0,75218.0,12.17386448684113,0.9822695035460992,0.758,0.8,7.3,0.95,3.0,0.6176544577302286,0.4766687644220684,100.0
tensorflow/tensorflow,2021-Q2,215,0,6,101,0,6,193660.0,75218.0,12.17386448684113,0.9822695035460992,0.758,0.8,7.3,0.95,3.0,0.6176544577302286,0.4766687644220684,100.0
tensorflow/tensorflow,2021-Q3,116,2,29,27,0,31,193660.0,75218.0,12.17386448684113,0.9822695035460992,0.758,0.8,7.3,0.95,3.0,0.6176544577302286,0.4766687644220684,100.0
tensorflow/tensorflow,2021-Q4,68,1,15,18,0,16,193660.0,75218.0,12.17386448684113,0.9822695035460992,0.758,0.8,7.3,0.95,3.0,0.6176544577302286,0.4766687644220684,100.0
tensorflow/tensorflow,2022-Q1,60,15,43,2,0,58,193660.0,75218.0,12.17386448684113,0.9822695035460992,0.758,0.8,7.3,0.95,3.0,0.6176544577302286,0.4766687644220684,100.0
tensorflow/tensorflow,2022-Q2,25,0,2,22,0,2,193660.0,75218.0,12.17386448684113,0.9822695035460992,0.758,0.8,7.3,0.95,3.0,0.6176544577302286,0.4766687644220684,100.0
tensorflow/tensorflow,2022-Q3,58,56,0,0,0,56,193660.0,75218.0,12.17386448684113,0.9822695035460992,0.758,0.8,7.3,0.95,3.0,0.6176544577302286,0.4766687644220684,100.0
tensorflow/tensorflow,2022-Q4,28,1,24,1,0,25,193660.0,75218.0,12.17386448684113,0.9822695035460992,0.758,0.8,7.3,0.95,3.0,0.6176544577302286,0.4766687644220684,100.0
tensorflow/tensorflow,2023-Q1,21,18,3,0,0,21,193660.0,75218.0,12.17386448684113,0.9822695035460992,0.758,0.8,7.3,0.95,3.0,0.6176544577302286,0.4766687644220684,100.0
tensorflow/tensorflow,2024-Q3,1,1,0,0,0,1,193660.0,75218.0,12.17386448684113,0.9822695035460992,0.758,0.8,7.3,0.95,3.0,0.6176544577302286,0.4766687644220684,100.0
tornadoweb/tornado,2012-Q2,1,0,0,0,0,0,22442.0,5544.0,10.018734040540515,1.0,0.5,0.2,7.0,1.0,1.0,0.8890137716570413,0.790759662372279,100.0
tornadoweb/tornado,2020-Q1,1,0,0,0,0,0,22442.0,5544.0,10.018734040540515,1.0,0.5,0.2,7.0,1.0,1.0,0.8890137716570413,0.790759662372279,100.0
tornadoweb/tornado,2022-Q2,2,1,1,0,0,2,22442.0,5544.0,10.018734040540515,1.0,0.5,0.2,7.0,1.0,1.0,0.8890137716570413,0.790759662372279,100.0
tornadoweb/tornado,2023-Q2,2,0,1,0,0,1,22442.0,5544.0,10.018734040540515,1.0,0.5,0.2,7.0,1.0,1.0,0.8890137716570413,0.790759662372279,100.0
tornadoweb/tornado,2023-Q3,1,0,0,0,0,0,22442.0,5544.0,10.018734040540515,1.0,0.5,0.2,7.0,1.0,1.0,0.8890137716570413,0.790759662372279,100.0
tornadoweb/tornado,2024-Q2,2,0,2,0,0,2,22442.0,5544.0,10.018734040540515,1.0,0.5,0.2,7.0,1.0,1.0,0.8890137716570413,0.790759662372279,100.0
tornadoweb/tornado,2024-Q4,1,1,0,0,0,1,22442.0,5544.0,10.018734040540515,1.0,0.5,0.2,7.0,1.0,1.0,0.8890137716570413,0.790759662372279,100.0
tornadoweb/tornado,2025-Q2,1,1,0,0,0,1,22442.0,5544.0,10.018734040540515,1.0,0.5,0.2,7.0,1.0,1.0,0.8890137716570413,0.790759662372279,100.0
tortoise/tortoise-orm,2020-Q2,2,0,1,0,0,1,5477.0,455.0,8.608495349823023,0.7376625295508275,0.324,0.0,5.4,0.27,2.0,0.8655588020452885,0.2951059167275383,99.0
tox-dev/py-filelock,2025-Q4,1,0,1,0,0,1,932.0,125.0,6.838405200847344,0.7799940898345153,0.5820000000000001,0.6,5.7,0.83,2.0,0.7946933449325794,0.3014354066985646,54.0
tox-dev/py-filelock,2026-Q1,1,0,0,1,0,0,932.0,125.0,6.838405200847344,0.7799940898345153,0.5820000000000001,0.6,5.7,0.83,2.0,0.7946933449325794,0.3014354066985646,54.0
tqdm/tqdm,2017-Q1,1,0,0,0,0,0,30941.0,1429.0,10.339869763279014,0.7553191489361701,0.808,1.0,6.8,0.31,1.0,0.9230887456618742,0.7640059494298463,100.0
tqdm/tqdm,2022-Q2,1,0,1,0,0,1,30941.0,1429.0,10.339869763279014,0.7553191489361701,0.808,1.0,6.8,0.31,1.0,0.9230887456618742,0.7640059494298463,100.0
tqdm/tqdm,2024-Q2,1,0,0,1,0,0,30941.0,1429.0,10.339869763279014,0.7553191489361701,0.808,1.0,6.8,0.31,1.0,0.9230887456618742,0.7640059494298463,100.0
ultrajson/ultrajson,2021-Q3,1,0,0,0,0,0,4475.0,374.0,8.406485069431817,0.9367612293144209,0.554,0.2,7.9,0.9,3.0,0.8212955363343645,0.3916913946587537,92.0
ultrajson/ultrajson,2022-Q1,3,0,0,1,0,0,4475.0,374.0,8.406485069431817,0.9367612293144209,0.554,0.2,7.9,0.9,3.0,0.8212955363343645,0.3916913946587537,92.0
ultrajson/ultrajson,2022-Q3,2,2,0,0,0,2,4475.0,374.0,8.406485069431817,0.9367612293144209,0.554,0.2,7.9,0.9,3.0,0.8212955363343645,0.3916913946587537,92.0
urllib3/urllib3,2017-Q1,1,0,0,0,0,0,4004.0,1287.0,8.29529885950246,0.9681589834515368,0.8360000000000001,0.8,8.6,0.92,4.0,0.7712116603295311,0.2732572877059569,99.0
urllib3/urllib3,2018-Q4,2,1,0,0,0,1,4004.0,1287.0,8.29529885950246,0.9681589834515368,0.8360000000000001,0.8,8.6,0.92,4.0,0.7712116603295311,0.2732572877059569,99.0
urllib3/urllib3,2019-Q2,3,1,0,0,0,1,4004.0,1287.0,8.29529885950246,0.9681589834515368,0.8360000000000001,0.8,8.6,0.92,4.0,0.7712116603295311,0.2732572877059569,99.0
urllib3/urllib3,2020-Q1,1,0,0,0,0,0,4004.0,1287.0,8.29529885950246,0.9681589834515368,0.8360000000000001,0.8,8.6,0.92,4.0,0.7712116603295311,0.2732572877059569,99.0
urllib3/urllib3,2020-Q3,1,0,0,0,0,0,4004.0,1287.0,8.29529885950246,0.9681589834515368,0.8360000000000001,0.8,8.6,0.92,4.0,0.7712116603295311,0.2732572877059569,99.0
urllib3/urllib3,2021-Q1,2,0,1,0,0,1,4004.0,1287.0,8.29529885950246,0.9681589834515368,0.8360000000000001,0.8,8.6,0.92,4.0,0.7712116603295311,0.2732572877059569,99.0
urllib3/urllib3,2021-Q2,4,2,1,0,0,3,4004.0,1287.0,8.29529885950246,0.9681589834515368,0.8360000000000001,0.8,8.6,0.92,4.0,0.7712116603295311,0.2732572877059569,99.0
urllib3/urllib3,2022-Q2,2,0,2,0,0,2,4004.0,1287.0,8.29529885950246,0.9681589834515368,0.8360000000000001,0.8,8.6,0.92,4.0,0.7712116603295311,0.2732572877059569,99.0
urllib3/urllib3,2023-Q4,6,1,3,2,0,4,4004.0,1287.0,8.29529885950246,0.9681589834515368,0.8360000000000001,0.8,8.6,0.92,4.0,0.7712116603295311,0.2732572877059569,99.0
urllib3/urllib3,2024-Q2,1,0,0,1,0,0,4004.0,1287.0,8.29529885950246,0.9681589834515368,0.8360000000000001,0.8,8.6,0.92,4.0,0.7712116603295311,0.2732572877059569,99.0
urllib3/urllib3,2025-Q2,2,0,2,0,0,2,4004.0,1287.0,8.29529885950246,0.9681589834515368,0.8360000000000001,0.8,8.6,0.92,4.0,0.7712116603295311,0.2732572877059569,99.0
urllib3/urllib3,2025-Q4,2,2,0,0,0,2,4004.0,1287.0,8.29529885950246,0.9681589834515368,0.8360000000000001,0.8,8.6,0.92,4.0,0.7712116603295311,0.2732572877059569,99.0
urllib3/urllib3,2026-Q1,1,1,0,0,0,1,4004.0,1287.0,8.29529885950246,0.9681589834515368,0.8360000000000001,0.8,8.6,0.92,4.0,0.7712116603295311,0.2732572877059569,99.0
yaml/pyyaml,2018-Q2,1,0,0,0,0,0,2845.0,566.0,7.953669778649798,0.6923758865248226,0.404,0.2,5.4,0.72,1.0,0.7975460122699387,0.5368098159509203,40.0
yaml/pyyaml,2019-Q1,1,1,0,0,0,1,2845.0,566.0,7.953669778649798,0.6923758865248226,0.404,0.2,5.4,0.72,1.0,0.7975460122699387,0.5368098159509203,40.0
yaml/pyyaml,2020-Q1,2,0,0,0,0,0,2845.0,566.0,7.953669778649798,0.6923758865248226,0.404,0.2,5.4,0.72,1.0,0.7975460122699387,0.5368098159509203,40.0
yaml/pyyaml,2021-Q1,2,1,0,0,0,1,2845.0,566.0,7.953669778649798,0.6923758865248226,0.404,0.2,5.4,0.72,1.0,0.7975460122699387,0.5368098159509203,40.0
yaml/pyyaml,2021-Q2,2,2,0,0,0,2,2845.0,566.0,7.953669778649798,0.6923758865248226,0.404,0.2,5.4,0.72,1.0,0.7975460122699387,0.5368098159509203,40.0
