repo_full_name,quarter,critical,high,medium,unknown,low,vuln_total,vuln_severe
Azure/azure-sdk-for-python,2022-Q3,0.0,0.0,1.0,0.0,0,1.0,0.0
Azure/azure-sdk-for-python,2024-Q2,0.0,0.0,1.0,0.0,0,1.0,0.0
Delgan/loguru,2022-Q1,0.0,1.0,0.0,1.0,0,2.0,1.0
Kludex/starlette,2023-Q1,1.0,0.0,0.0,0.0,0,1.0,1.0
Kludex/starlette,2023-Q2,0.0,1.0,0.0,2.0,0,3.0,1.0
Kludex/starlette,2024-Q4,0.0,1.0,0.0,0.0,0,1.0,1.0
Kludex/starlette,2025-Q3,0.0,1.0,0.0,0.0,0,1.0,1.0
Kludex/starlette,2025-Q4,1.0,0.0,0.0,0.0,0,1.0,1.0
Kludex/uvicorn,2020-Q3,2.0,0.0,0.0,2.0,0,4.0,2.0
Lightning-AI/pytorch-lightning,2021-Q4,0.0,0.0,0.0,1.0,0,1.0,0.0
Lightning-AI/pytorch-lightning,2022-Q1,1.0,1.0,0.0,1.0,0,3.0,2.0
Lightning-AI/pytorch-lightning,2025-Q1,2.0,0.0,0.0,0.0,0,2.0,2.0
MagicStack/asyncpg,2020-Q3,0.0,0.0,0.0,1.0,0,1.0,0.0
MagicStack/asyncpg,2021-Q2,1.0,0.0,0.0,0.0,0,1.0,1.0
aio-libs/aiohttp,2021-Q1,0.0,1.0,0.0,1.0,0,2.0,1.0
aio-libs/aiohttp,2023-Q3,0.0,1.0,0.0,1.0,0,2.0,1.0
aio-libs/aiohttp,2023-Q4,2.0,6.0,0.0,1.0,0,9.0,8.0
aio-libs/aiohttp,2024-Q1,1.0,3.0,0.0,0.0,0,4.0,4.0
aio-libs/aiohttp,2024-Q2,1.0,1.0,0.0,0.0,0,2.0,2.0
aio-libs/aiohttp,2024-Q3,0.0,1.0,0.0,0.0,0,1.0,1.0
aio-libs/aiohttp,2024-Q4,1.0,1.0,0.0,0.0,0,2.0,2.0
aio-libs/aiohttp,2025-Q3,0.0,1.0,0.0,0.0,0,1.0,1.0
aio-libs/aiohttp,2026-Q1,4.0,4.0,0.0,0.0,0,8.0,8.0
aio-libs/aiomysql,2025-Q4,1.0,0.0,0.0,0.0,0,1.0,1.0
ansible/ansible,2023-Q4,0.0,0.0,2.0,0.0,0,2.0,0.0
ansible/ansible,2024-Q1,0.0,0.0,2.0,0.0,0,2.0,0.0
ansible/ansible,2024-Q3,0.0,0.0,1.0,0.0,0,1.0,0.0
ansible/ansible,2024-Q4,0.0,1.0,1.0,0.0,0,2.0,1.0
benoitc/gunicorn,2018-Q2,0.0,0.0,0.0,1.0,0,1.0,0.0
benoitc/gunicorn,2018-Q3,1.0,0.0,0.0,0.0,0,1.0,1.0
benoitc/gunicorn,2024-Q2,1.0,0.0,0.0,0.0,0,1.0,1.0
benoitc/gunicorn,2025-Q1,1.0,0.0,0.0,0.0,0,1.0,1.0
bottlepy/bottle,2014-Q4,0.0,0.0,0.0,1.0,0,1.0,0.0
bottlepy/bottle,2016-Q4,0.0,0.0,0.0,1.0,0,1.0,0.0
bottlepy/bottle,2021-Q1,0.0,0.0,0.0,1.0,0,1.0,0.0
bottlepy/bottle,2021-Q2,1.0,0.0,0.0,0.0,0,1.0,1.0
bottlepy/bottle,2022-Q2,2.0,1.0,0.0,1.0,0,4.0,3.0
celery/celery,2011-Q4,0.0,0.0,0.0,1.0,0,1.0,0.0
celery/celery,2021-Q4,0.0,0.0,0.0,1.0,0,1.0,0.0
celery/celery,2022-Q1,1.0,0.0,0.0,0.0,0,1.0,1.0
celery/celery,2022-Q2,0.0,0.0,0.0,1.0,0,1.0,0.0
certifi/python-certifi,2022-Q4,0.0,1.0,0.0,1.0,0,2.0,1.0
certifi/python-certifi,2023-Q3,1.0,0.0,0.0,1.0,0,2.0,1.0
certifi/python-certifi,2024-Q3,1.0,0.0,0.0,1.0,0,2.0,1.0
dask/dask,2021-Q4,0.0,0.0,0.0,1.0,0,1.0,0.0
django/django,2007-Q4,0.0,0.0,0.0,1.0,0,1.0,0.0
django/django,2008-Q2,0.0,0.0,0.0,1.0,0,1.0,0.0
django/django,2008-Q3,0.0,0.0,0.0,1.0,0,1.0,0.0
django/django,2009-Q3,0.0,0.0,0.0,1.0,0,1.0,0.0
django/django,2009-Q4,0.0,0.0,0.0,1.0,0,1.0,0.0
django/django,2010-Q3,0.0,0.0,0.0,1.0,0,1.0,0.0
django/django,2011-Q1,0.0,0.0,0.0,5.0,0,5.0,0.0
django/django,2011-Q4,0.0,0.0,0.0,5.0,0,5.0,0.0
django/django,2012-Q3,0.0,0.0,0.0,3.0,0,3.0,0.0
django/django,2012-Q4,0.0,0.0,0.0,1.0,0,1.0,0.0
django/django,2013-Q2,0.0,0.0,0.0,2.0,0,2.0,0.0
django/django,2013-Q3,0.0,0.0,0.0,2.0,0,2.0,0.0
django/django,2013-Q4,0.0,0.0,0.0,2.0,0,2.0,0.0
django/django,2014-Q2,0.0,0.0,0.0,5.0,0,5.0,0.0
django/django,2014-Q3,0.0,0.0,0.0,4.0,0,4.0,0.0
django/django,2015-Q1,0.0,0.0,0.0,7.0,0,7.0,0.0
django/django,2015-Q2,0.0,0.0,0.0,1.0,0,1.0,0.0
django/django,2015-Q3,0.0,0.0,0.0,5.0,0,5.0,0.0
django/django,2015-Q4,0.0,0.0,0.0,1.0,0,1.0,0.0
django/django,2016-Q1,0.0,0.0,0.0,1.0,0,1.0,0.0
django/django,2016-Q2,0.0,0.0,0.0,2.0,0,2.0,0.0
django/django,2016-Q3,0.0,0.0,0.0,1.0,0,1.0,0.0
django/django,2016-Q4,0.0,0.0,0.0,3.0,0,3.0,0.0
django/django,2017-Q2,0.0,0.0,0.0,2.0,0,2.0,0.0
django/django,2017-Q3,0.0,0.0,0.0,1.0,0,1.0,0.0
django/django,2018-Q1,0.0,0.0,0.0,3.0,0,3.0,0.0
django/django,2018-Q3,5.0,3.0,1.0,1.0,0,10.0,8.0
django/django,2018-Q4,1.0,2.0,0.0,1.0,0,4.0,3.0
django/django,2019-Q1,1.0,6.0,0.0,2.0,0,9.0,7.0
django/django,2019-Q2,0.0,2.0,0.0,1.0,0,3.0,2.0
django/django,2019-Q3,5.0,1.0,0.0,5.0,0,11.0,6.0
django/django,2019-Q4,0.0,1.0,0.0,2.0,0,3.0,1.0
django/django,2020-Q1,2.0,0.0,0.0,2.0,0,4.0,2.0
django/django,2020-Q2,1.0,2.0,0.0,2.0,0,5.0,3.0
django/django,2020-Q3,0.0,0.0,0.0,2.0,0,2.0,0.0
django/django,2021-Q1,2.0,1.0,0.0,1.0,0,4.0,3.0
django/django,2021-Q2,2.0,3.0,0.0,5.0,0,10.0,5.0
django/django,2021-Q3,1.0,0.0,0.0,1.0,0,2.0,1.0
django/django,2021-Q4,0.0,1.0,0.0,1.0,0,2.0,1.0
django/django,2022-Q1,3.0,2.0,0.0,5.0,0,10.0,5.0
django/django,2022-Q2,32.0,15.0,1.0,6.0,0,54.0,47.0
django/django,2022-Q3,2.0,0.0,0.0,2.0,0,4.0,2.0
django/django,2022-Q4,1.0,0.0,0.0,1.0,0,2.0,1.0
django/django,2023-Q1,2.0,0.0,0.0,2.0,0,4.0,2.0
django/django,2023-Q2,1.0,0.0,0.0,1.0,0,2.0,1.0
django/django,2023-Q3,1.0,0.0,0.0,1.0,0,2.0,1.0
django/django,2023-Q4,2.0,1.0,0.0,3.0,0,6.0,3.0
django/django,2024-Q1,1.0,1.0,0.0,2.0,0,4.0,2.0
django/django,2024-Q3,4.0,4.0,0.0,8.0,0,16.0,8.0
django/django,2024-Q4,2.0,2.0,0.0,3.0,0,7.0,4.0
django/django,2025-Q1,1.0,1.0,0.0,2.0,0,4.0,2.0
django/django,2025-Q2,2.0,1.0,0.0,3.0,0,6.0,3.0
django/django,2025-Q3,0.0,1.0,0.0,0.0,0,1.0,1.0
django/django,2025-Q4,2.0,4.0,0.0,0.0,0,6.0,6.0
django/django,2026-Q1,2.0,2.0,0.0,0.0,0,4.0,4.0
encode/django-rest-framework,2020-Q3,0.0,0.0,0.0,1.0,0,1.0,0.0
encode/django-rest-framework,2021-Q1,0.0,1.0,0.0,0.0,0,1.0,1.0
encode/django-rest-framework,2024-Q2,0.0,1.0,0.0,0.0,0,1.0,1.0
encode/httpx,2022-Q2,1.0,0.0,0.0,1.0,0,2.0,1.0
fabric/fabric,2022-Q2,0.0,0.0,0.0,1.0,0,1.0,0.0
fastapi/fastapi,2021-Q2,1.0,0.0,0.0,1.0,0,2.0,1.0
fastapi/fastapi,2024-Q1,1.0,0.0,0.0,0.0,0,1.0,1.0
getsentry/sentry-python,2023-Q1,0.0,1.0,0.0,0.0,0,1.0,1.0
getsentry/sentry-python,2024-Q3,0.0,0.0,1.0,0.0,0,1.0,0.0
gevent/gevent,2023-Q3,1.0,0.0,0.0,1.0,0,2.0,1.0
grpc/grpc,2017-Q2,0.0,0.0,0.0,1.0,0,1.0,0.0
grpc/grpc,2023-Q3,4.0,1.0,0.0,0.0,0,5.0,5.0
html5lib/html5lib-python,2017-Q1,0.0,0.0,0.0,2.0,0,2.0,0.0
html5lib/html5lib-python,2022-Q2,0.0,2.0,0.0,0.0,0,2.0,2.0
http://github.com/sanic-org/sanic,2017-Q4,0.0,0.0,0.0,1.0,0,1.0,0.0
http://github.com/sanic-org/sanic,2022-Q1,0.0,0.0,0.0,1.0,0,1.0,0.0
http://github.com/sanic-org/sanic,2022-Q2,1.0,0.0,0.0,0.0,0,1.0,1.0
http://github.com/sanic-org/sanic,2022-Q3,1.0,0.0,0.0,0.0,0,1.0,1.0
huggingface/transformers,2023-Q2,0.0,0.0,2.0,0.0,0,2.0,0.0
huggingface/transformers,2023-Q4,2.0,2.0,0.0,0.0,0,4.0,4.0
huggingface/transformers,2024-Q2,0.0,1.0,0.0,0.0,0,1.0,1.0
huggingface/transformers,2024-Q4,6.0,0.0,0.0,0.0,0,6.0,6.0
huggingface/transformers,2025-Q1,0.0,1.0,0.0,0.0,0,1.0,1.0
huggingface/transformers,2025-Q2,1.0,2.0,0.0,0.0,0,3.0,3.0
huggingface/transformers,2025-Q3,0.0,8.0,1.0,0.0,0,9.0,8.0
ijl/orjson,2024-Q1,1.0,0.0,0.0,1.0,0,2.0,1.0
ijl/orjson,2026-Q1,0.0,1.0,0.0,0.0,0,1.0,1.0
ipython/ipython,2014-Q3,0.0,0.0,0.0,1.0,0,1.0,0.0
ipython/ipython,2015-Q3,0.0,0.0,0.0,2.0,0,2.0,0.0
ipython/ipython,2017-Q3,0.0,0.0,0.0,3.0,0,3.0,0.0
ipython/ipython,2022-Q1,0.0,1.0,0.0,1.0,0,2.0,1.0
ipython/ipython,2022-Q2,3.0,3.0,0.0,0.0,0,6.0,6.0
ipython/ipython,2023-Q1,0.0,0.0,1.0,0.0,0,1.0,0.0
jpadilla/pyjwt,2017-Q3,0.0,0.0,0.0,1.0,0,1.0,0.0
jpadilla/pyjwt,2022-Q2,2.0,0.0,0.0,1.0,0,3.0,2.0
jpadilla/pyjwt,2024-Q4,0.0,0.0,1.0,0.0,0,1.0,0.0
jupyter/notebook,2015-Q3,0.0,0.0,0.0,2.0,0,2.0,0.0
jupyter/notebook,2018-Q1,0.0,0.0,0.0,1.0,0,1.0,0.0
jupyter/notebook,2018-Q3,0.0,1.0,0.0,0.0,0,1.0,1.0
jupyter/notebook,2018-Q4,0.0,2.0,0.0,2.0,0,4.0,2.0
jupyter/notebook,2019-Q1,0.0,0.0,0.0,1.0,0,1.0,0.0
jupyter/notebook,2019-Q2,0.0,2.0,0.0,1.0,0,3.0,2.0
jupyter/notebook,2019-Q4,0.0,1.0,0.0,1.0,0,2.0,1.0
jupyter/notebook,2020-Q4,0.0,1.0,0.0,1.0,0,2.0,1.0
jupyter/notebook,2021-Q3,2.0,0.0,0.0,1.0,0,3.0,2.0
jupyter/notebook,2022-Q1,0.0,0.0,0.0,1.0,0,1.0,0.0
jupyter/notebook,2022-Q2,2.0,3.0,0.0,1.0,0,6.0,5.0
jupyter/notebook,2024-Q1,0.0,2.0,0.0,0.0,0,2.0,2.0
jupyter/notebook,2024-Q3,0.0,1.0,0.0,0.0,0,1.0,1.0
jupyterlab/jupyterlab,2021-Q3,1.0,0.0,0.0,1.0,0,2.0,1.0
jupyterlab/jupyterlab,2024-Q1,0.0,2.0,0.0,0.0,0,2.0,2.0
jupyterlab/jupyterlab,2024-Q3,0.0,1.0,0.0,0.0,0,1.0,1.0
jupyterlab/jupyterlab,2025-Q3,0.0,1.0,0.0,0.0,0,1.0,1.0
keras-team/keras,2024-Q2,1.0,0.0,0.0,0.0,0,1.0,1.0
keras-team/keras,2025-Q1,2.0,0.0,0.0,0.0,0,2.0,2.0
keras-team/keras,2025-Q3,2.0,1.0,0.0,0.0,0,3.0,3.0
keras-team/keras,2025-Q4,2.0,1.0,0.0,0.0,0,3.0,3.0
keras-team/keras,2026-Q1,2.0,0.0,0.0,0.0,0,2.0,2.0
kjd/idna,2024-Q2,0.0,1.0,0.0,0.0,0,1.0,1.0
kjd/idna,2024-Q3,1.0,0.0,0.0,0.0,0,1.0,1.0
lxml/lxml,2014-Q2,0.0,0.0,0.0,1.0,0,1.0,0.0
lxml/lxml,2018-Q4,0.0,0.0,0.0,1.0,0,1.0,0.0
lxml/lxml,2020-Q4,0.0,0.0,0.0,1.0,0,1.0,0.0
lxml/lxml,2021-Q1,0.0,2.0,0.0,1.0,0,3.0,2.0
lxml/lxml,2021-Q4,1.0,0.0,0.0,0.0,0,1.0,1.0
lxml/lxml,2022-Q2,0.0,2.0,0.0,0.0,0,2.0,2.0
lxml/lxml,2022-Q3,0.0,1.0,0.0,1.0,0,2.0,1.0
marshmallow-code/marshmallow,2018-Q3,0.0,0.0,0.0,1.0,0,1.0,0.0
marshmallow-code/marshmallow,2018-Q4,0.0,1.0,0.0,0.0,0,1.0,1.0
marshmallow-code/marshmallow,2025-Q4,0.0,1.0,0.0,0.0,0,1.0,1.0
microsoft/LightGBM,2024-Q4,2.0,0.0,0.0,0.0,0,2.0,2.0
mitmproxy/pdoc,2024-Q2,1.0,0.0,0.0,0.0,0,1.0,1.0
mkdocs/mkdocs,2021-Q4,2.0,0.0,0.0,0.0,0,2.0,2.0
mongodb/mongo-python-driver,2013-Q3,0.0,0.0,0.0,1.0,0,1.0,0.0
mongodb/mongo-python-driver,2022-Q2,0.0,1.0,0.0,0.0,0,1.0,1.0
mongodb/mongo-python-driver,2024-Q2,0.0,1.0,0.0,0.0,0,1.0,1.0
nltk/nltk,2019-Q3,1.0,0.0,0.0,1.0,0,2.0,1.0
nltk/nltk,2021-Q3,1.0,0.0,0.0,1.0,0,2.0,1.0
nltk/nltk,2021-Q4,0.0,0.0,0.0,1.0,0,1.0,0.0
nltk/nltk,2022-Q1,2.0,0.0,0.0,1.0,0,3.0,2.0
nltk/nltk,2024-Q2,1.0,0.0,0.0,1.0,0,2.0,1.0
numpy/numpy,2017-Q3,0.0,0.0,0.0,1.0,0,1.0,0.0
numpy/numpy,2018-Q1,0.0,0.0,0.0,2.0,0,2.0,0.0
numpy/numpy,2019-Q1,0.0,0.0,0.0,1.0,0,1.0,0.0
numpy/numpy,2021-Q4,0.0,1.0,0.0,4.0,0,5.0,1.0
numpy/numpy,2022-Q1,1.0,1.0,1.0,0.0,0,3.0,2.0
numpy/numpy,2022-Q2,2.0,0.0,2.0,0.0,0,4.0,2.0
opencv/opencv-python,2021-Q4,22.0,5.0,3.0,0.0,0,30.0,27.0
opencv/opencv-python,2023-Q3,0.0,0.0,0.0,1.0,0,1.0,0.0
opencv/opencv-python,2024-Q3,1.0,0.0,0.0,0.0,0,1.0,1.0
pallets/flask,2018-Q3,1.0,0.0,0.0,1.0,0,2.0,1.0
pallets/flask,2019-Q3,1.0,0.0,0.0,1.0,0,2.0,1.0
pallets/flask,2023-Q2,1.0,0.0,0.0,1.0,0,2.0,1.0
pallets/flask,2025-Q2,0.0,0.0,1.0,0.0,0,1.0,0.0
pallets/jinja,2014-Q2,0.0,0.0,0.0,2.0,0,2.0,0.0
pallets/jinja,2019-Q2,2.0,0.0,0.0,2.0,0,4.0,2.0
pallets/jinja,2021-Q1,0.0,1.0,0.0,1.0,0,2.0,1.0
pallets/jinja,2022-Q2,1.0,1.0,0.0,0.0,0,2.0,2.0
pallets/jinja,2024-Q1,0.0,1.0,0.0,0.0,0,1.0,1.0
pallets/jinja,2024-Q2,0.0,1.0,0.0,0.0,0,1.0,1.0
pallets/jinja,2024-Q4,1.0,1.0,0.0,0.0,0,2.0,2.0
pallets/jinja,2025-Q1,1.0,0.0,0.0,0.0,0,1.0,1.0
pallets/quart,2024-Q4,1.0,0.0,0.0,0.0,0,1.0,1.0
pallets/werkzeug,2017-Q4,0.0,0.0,0.0,1.0,0,1.0,0.0
pallets/werkzeug,2019-Q3,1.0,0.0,0.0,1.0,0,2.0,1.0
pallets/werkzeug,2020-Q4,0.0,0.0,0.0,1.0,0,1.0,0.0
pallets/werkzeug,2021-Q2,0.0,1.0,0.0,0.0,0,1.0,1.0
pallets/werkzeug,2022-Q2,1.0,1.0,0.0,1.0,0,3.0,2.0
pallets/werkzeug,2023-Q1,1.0,0.0,1.0,2.0,0,4.0,1.0
pallets/werkzeug,2023-Q4,1.0,1.0,0.0,0.0,0,2.0,2.0
pallets/werkzeug,2024-Q2,1.0,0.0,0.0,0.0,0,1.0,1.0
pallets/werkzeug,2024-Q4,1.0,1.0,0.0,0.0,0,2.0,2.0
pallets/werkzeug,2025-Q4,0.0,1.0,0.0,0.0,0,1.0,1.0
pallets/werkzeug,2026-Q1,0.0,1.0,0.0,0.0,0,1.0,1.0
pandas-dev/pandas,2020-Q2,0.0,0.0,0.0,1.0,0,1.0,0.0
paramiko/paramiko,2008-Q1,0.0,0.0,0.0,1.0,0,1.0,0.0
paramiko/paramiko,2018-Q1,0.0,0.0,0.0,1.0,0,1.0,0.0
paramiko/paramiko,2018-Q3,1.0,0.0,0.0,0.0,0,1.0,1.0
paramiko/paramiko,2018-Q4,1.0,0.0,0.0,1.0,0,2.0,1.0
paramiko/paramiko,2022-Q1,0.0,1.0,0.0,1.0,0,2.0,1.0
paramiko/paramiko,2022-Q2,0.0,1.0,0.0,0.0,0,1.0,1.0
paramiko/paramiko,2023-Q4,1.0,0.0,0.0,0.0,0,1.0,1.0
psf/black,2024-Q1,0.0,1.0,0.0,1.0,0,2.0,1.0
psf/requests,2014-Q4,0.0,0.0,0.0,2.0,0,2.0,0.0
psf/requests,2015-Q1,0.0,0.0,0.0,1.0,0,1.0,0.0
psf/requests,2018-Q4,1.0,0.0,0.0,1.0,0,2.0,1.0
psf/requests,2022-Q2,0.0,2.0,0.0,1.0,0,3.0,2.0
psf/requests,2023-Q2,0.0,1.0,0.0,1.0,0,2.0,1.0
psf/requests,2024-Q2,0.0,0.0,1.0,0.0,0,1.0,0.0
psf/requests,2025-Q2,0.0,1.0,0.0,0.0,0,1.0,1.0
pyca/cryptography,2017-Q1,0.0,0.0,0.0,1.0,0,1.0,0.0
pyca/cryptography,2018-Q3,1.0,0.0,0.0,1.0,0,2.0,1.0
pyca/cryptography,2020-Q4,0.0,1.0,0.0,0.0,0,1.0,1.0
pyca/cryptography,2021-Q1,1.0,0.0,0.0,2.0,0,3.0,1.0
pyca/cryptography,2022-Q2,1.0,0.0,0.0,0.0,0,1.0,1.0
pyca/cryptography,2022-Q4,0.0,0.0,0.0,1.0,0,1.0,0.0
pyca/cryptography,2023-Q1,1.0,1.0,0.0,0.0,0,2.0,2.0
pyca/cryptography,2023-Q2,0.0,0.0,0.0,1.0,0,1.0,0.0
pyca/cryptography,2023-Q3,1.0,0.0,0.0,3.0,0,4.0,1.0
pyca/cryptography,2023-Q4,2.0,0.0,0.0,0.0,0,2.0,2.0
pyca/cryptography,2024-Q1,3.0,0.0,1.0,0.0,0,4.0,3.0
pyca/cryptography,2024-Q3,0.0,0.0,0.0,1.0,0,1.0,0.0
pyca/cryptography,2025-Q1,0.0,0.0,0.0,1.0,0,1.0,0.0
pyca/cryptography,2026-Q1,1.0,0.0,0.0,0.0,0,1.0,1.0
pyca/pyopenssl,2013-Q3,0.0,0.0,0.0,1.0,0,1.0,0.0
pyca/pyopenssl,2018-Q4,2.0,0.0,0.0,2.0,0,4.0,2.0
pyca/pyopenssl,2022-Q2,1.0,0.0,0.0,0.0,0,1.0,1.0
pydantic/pydantic,2021-Q2,0.0,0.0,1.0,1.0,0,2.0,0.0
pydantic/pydantic,2024-Q2,1.0,0.0,0.0,0.0,0,1.0,1.0
pypa/pip,2013-Q3,0.0,0.0,0.0,2.0,0,2.0,0.0
pypa/pip,2014-Q4,0.0,0.0,0.0,1.0,0,1.0,0.0
pypa/pip,2019-Q4,0.0,0.0,0.0,1.0,0,1.0,0.0
pypa/pip,2020-Q3,0.0,0.0,0.0,1.0,0,1.0,0.0
pypa/pip,2021-Q2,1.0,0.0,0.0,0.0,0,1.0,1.0
pypa/pip,2021-Q4,0.0,1.0,0.0,1.0,0,2.0,1.0
pypa/pip,2022-Q2,2.0,2.0,0.0,0.0,0,4.0,4.0
pypa/pip,2023-Q4,0.0,0.0,2.0,0.0,0,2.0,0.0
pypa/pip,2025-Q3,1.0,0.0,0.0,0.0,0,1.0,1.0
pypa/pip,2026-Q1,0.0,0.0,1.0,0.0,0,1.0,0.0
pypa/setuptools,2013-Q3,0.0,0.0,0.0,1.0,0,1.0,0.0
pypa/setuptools,2022-Q2,1.0,0.0,0.0,0.0,0,1.0,1.0
pypa/setuptools,2022-Q4,1.0,0.0,0.0,1.0,0,2.0,1.0
pypa/setuptools,2024-Q3,1.0,0.0,0.0,0.0,0,1.0,1.0
pypa/setuptools,2025-Q2,2.0,0.0,0.0,0.0,0,2.0,2.0
pypa/wheel,2022-Q4,1.0,0.0,0.0,1.0,0,2.0,1.0
pypa/wheel,2026-Q1,0.0,1.0,0.0,0.0,0,1.0,1.0
python-babel/babel,2021-Q4,0.0,1.0,0.0,1.0,0,2.0,1.0
python-pillow/Pillow,2014-Q2,0.0,0.0,0.0,3.0,0,3.0,0.0
python-pillow/Pillow,2014-Q3,0.0,0.0,0.0,1.0,0,1.0,0.0
python-pillow/Pillow,2015-Q1,0.0,0.0,0.0,1.0,0,1.0,0.0
python-pillow/Pillow,2015-Q2,0.0,0.0,0.0,1.0,0,1.0,0.0
python-pillow/Pillow,2016-Q2,0.0,0.0,0.0,3.0,0,3.0,0.0
python-pillow/Pillow,2016-Q4,0.0,0.0,0.0,2.0,0,2.0,0.0
python-pillow/Pillow,2017-Q2,0.0,0.0,0.0,1.0,0,1.0,0.0
python-pillow/Pillow,2018-Q3,1.0,4.0,1.0,0.0,0,6.0,5.0
python-pillow/Pillow,2019-Q4,1.0,0.0,0.0,1.0,0,2.0,1.0
python-pillow/Pillow,2020-Q1,0.0,0.0,0.0,5.0,0,5.0,0.0
python-pillow/Pillow,2020-Q2,1.0,1.0,1.0,5.0,0,8.0,2.0
python-pillow/Pillow,2020-Q3,1.0,1.0,2.0,0.0,0,4.0,2.0
python-pillow/Pillow,2021-Q1,8.0,3.0,0.0,11.0,0,22.0,11.0
python-pillow/Pillow,2021-Q2,5.0,0.0,2.0,6.0,0,13.0,5.0
python-pillow/Pillow,2021-Q3,1.0,0.0,0.0,2.0,0,3.0,1.0
python-pillow/Pillow,2021-Q4,3.0,0.0,1.0,0.0,0,4.0,3.0
python-pillow/Pillow,2022-Q1,2.0,2.0,0.0,5.0,0,9.0,4.0
python-pillow/Pillow,2022-Q2,7.0,1.0,1.0,0.0,0,9.0,8.0
python-pillow/Pillow,2022-Q3,0.0,0.0,0.0,1.0,0,1.0,0.0
python-pillow/Pillow,2022-Q4,2.0,0.0,0.0,3.0,0,5.0,2.0
python-pillow/Pillow,2023-Q3,1.0,0.0,0.0,1.0,0,2.0,1.0
python-pillow/Pillow,2023-Q4,1.0,0.0,0.0,1.0,0,2.0,1.0
python-pillow/Pillow,2024-Q1,1.0,0.0,0.0,0.0,0,1.0,1.0
python-pillow/Pillow,2024-Q2,0.0,0.0,1.0,0.0,0,1.0,0.0
python-pillow/Pillow,2025-Q3,0.0,1.0,0.0,1.0,0,2.0,1.0
python-pillow/Pillow,2026-Q1,1.0,0.0,0.0,0.0,0,1.0,1.0
python-websockets/websockets,2018-Q2,0.0,0.0,0.0,1.0,0,1.0,0.0
python-websockets/websockets,2018-Q3,1.0,0.0,0.0,0.0,0,1.0,1.0
python-websockets/websockets,2021-Q2,0.0,1.0,0.0,1.0,0,2.0,1.0
redis/redis-py,2023-Q1,0.0,2.0,0.0,2.0,0,4.0,2.0
scikit-learn/scikit-learn,2020-Q2,0.0,0.0,0.0,1.0,0,1.0,0.0
scikit-learn/scikit-learn,2020-Q4,0.0,0.0,0.0,1.0,0,1.0,0.0
scikit-learn/scikit-learn,2022-Q2,2.0,0.0,0.0,0.0,0,2.0,2.0
scikit-learn/scikit-learn,2024-Q2,0.0,1.0,1.0,0.0,0,2.0,1.0
scipy/scipy,2019-Q4,0.0,0.0,0.0,1.0,0,1.0,0.0
scipy/scipy,2022-Q2,0.0,1.0,0.0,0.0,0,1.0,1.0
scipy/scipy,2023-Q3,0.0,0.0,0.0,2.0,0,2.0,0.0
scrapy/scrapy,2017-Q3,0.0,0.0,0.0,1.0,0,1.0,0.0
scrapy/scrapy,2021-Q4,0.0,1.0,0.0,1.0,0,2.0,1.0
scrapy/scrapy,2022-Q1,0.0,1.0,0.0,2.0,0,3.0,1.0
scrapy/scrapy,2022-Q2,1.0,0.0,0.0,0.0,0,1.0,1.0
scrapy/scrapy,2022-Q3,0.0,0.0,0.0,1.0,0,1.0,0.0
scrapy/scrapy,2024-Q1,3.0,1.0,0.0,0.0,0,4.0,4.0
scrapy/scrapy,2024-Q2,0.0,3.0,0.0,1.0,0,4.0,3.0
scrapy/scrapy,2025-Q4,1.0,0.0,0.0,0.0,0,1.0,1.0
sqlalchemy/mako,2010-Q3,0.0,0.0,0.0,1.0,0,1.0,0.0
sqlalchemy/mako,2022-Q2,0.0,1.0,0.0,0.0,0,1.0,1.0
sqlalchemy/mako,2022-Q3,1.0,0.0,0.0,1.0,0,2.0,1.0
sqlalchemy/sqlalchemy,2012-Q2,0.0,0.0,0.0,1.0,0,1.0,0.0
sqlalchemy/sqlalchemy,2019-Q1,0.0,0.0,0.0,2.0,0,2.0,0.0
sqlalchemy/sqlalchemy,2019-Q2,1.0,1.0,0.0,0.0,0,2.0,2.0
sqlalchemy/sqlalchemy,2022-Q2,1.0,0.0,0.0,0.0,0,1.0,1.0
strawberry-graphql/strawberry,2024-Q3,1.0,0.0,1.0,0.0,0,2.0,1.0
strawberry-graphql/strawberry,2025-Q1,0.0,1.0,0.0,0.0,0,1.0,1.0
tensorflow/tensorflow,2019-Q2,4.0,2.0,0.0,6.0,0,12.0,6.0
tensorflow/tensorflow,2019-Q4,0.0,0.0,1.0,1.0,0,2.0,0.0
tensorflow/tensorflow,2020-Q1,0.0,0.0,1.0,1.0,0,2.0,0.0
tensorflow/tensorflow,2020-Q2,0.0,1.0,0.0,1.0,0,2.0,1.0
tensorflow/tensorflow,2020-Q3,17.0,8.0,0.0,25.0,0,50.0,25.0
tensorflow/tensorflow,2020-Q4,1.0,1.0,5.0,8.0,0,15.0,2.0
tensorflow/tensorflow,2021-Q1,0.0,0.0,0.0,1.0,0,1.0,0.0
tensorflow/tensorflow,2021-Q2,0.0,6.0,101.0,108.0,0,215.0,6.0
tensorflow/tensorflow,2021-Q3,2.0,29.0,27.0,58.0,0,116.0,31.0
tensorflow/tensorflow,2021-Q4,1.0,15.0,18.0,34.0,0,68.0,16.0
tensorflow/tensorflow,2022-Q1,15.0,43.0,2.0,0.0,0,60.0,58.0
tensorflow/tensorflow,2022-Q2,0.0,2.0,22.0,1.0,0,25.0,2.0
tensorflow/tensorflow,2022-Q3,56.0,0.0,0.0,2.0,0,58.0,56.0
tensorflow/tensorflow,2022-Q4,1.0,24.0,1.0,2.0,0,28.0,25.0
tensorflow/tensorflow,2023-Q1,18.0,3.0,0.0,0.0,0,21.0,21.0
tensorflow/tensorflow,2024-Q3,1.0,0.0,0.0,0.0,0,1.0,1.0
tornadoweb/tornado,2012-Q2,0.0,0.0,0.0,1.0,0,1.0,0.0
tornadoweb/tornado,2020-Q1,0.0,0.0,0.0,1.0,0,1.0,0.0
tornadoweb/tornado,2022-Q2,1.0,1.0,0.0,0.0,0,2.0,2.0
tornadoweb/tornado,2023-Q2,0.0,1.0,0.0,1.0,0,2.0,1.0
tornadoweb/tornado,2023-Q3,0.0,0.0,0.0,1.0,0,1.0,0.0
tornadoweb/tornado,2024-Q2,0.0,2.0,0.0,0.0,0,2.0,2.0
tornadoweb/tornado,2024-Q4,1.0,0.0,0.0,0.0,0,1.0,1.0
tornadoweb/tornado,2025-Q2,1.0,0.0,0.0,0.0,0,1.0,1.0
tortoise/tortoise-orm,2020-Q2,0.0,1.0,0.0,1.0,0,2.0,1.0
tox-dev/py-filelock,2025-Q4,0.0,1.0,0.0,0.0,0,1.0,1.0
tox-dev/py-filelock,2026-Q1,0.0,0.0,1.0,0.0,0,1.0,0.0
tqdm/tqdm,2017-Q1,0.0,0.0,0.0,1.0,0,1.0,0.0
tqdm/tqdm,2022-Q2,0.0,1.0,0.0,0.0,0,1.0,1.0
tqdm/tqdm,2024-Q2,0.0,0.0,1.0,0.0,0,1.0,0.0
ultrajson/ultrajson,2021-Q3,0.0,0.0,0.0,1.0,0,1.0,0.0
ultrajson/ultrajson,2022-Q1,0.0,0.0,1.0,2.0,0,3.0,0.0
ultrajson/ultrajson,2022-Q3,2.0,0.0,0.0,0.0,0,2.0,2.0
urllib3/urllib3,2017-Q1,0.0,0.0,0.0,1.0,0,1.0,0.0
urllib3/urllib3,2018-Q4,1.0,0.0,0.0,1.0,0,2.0,1.0
urllib3/urllib3,2019-Q2,1.0,0.0,0.0,2.0,0,3.0,1.0
urllib3/urllib3,2020-Q1,0.0,0.0,0.0,1.0,0,1.0,0.0
urllib3/urllib3,2020-Q3,0.0,0.0,0.0,1.0,0,1.0,0.0
urllib3/urllib3,2021-Q1,0.0,1.0,0.0,1.0,0,2.0,1.0
urllib3/urllib3,2021-Q2,2.0,1.0,0.0,1.0,0,4.0,3.0
urllib3/urllib3,2022-Q2,0.0,2.0,0.0,0.0,0,2.0,2.0
urllib3/urllib3,2023-Q4,1.0,3.0,2.0,0.0,0,6.0,4.0
urllib3/urllib3,2024-Q2,0.0,0.0,1.0,0.0,0,1.0,0.0
urllib3/urllib3,2025-Q2,0.0,2.0,0.0,0.0,0,2.0,2.0
urllib3/urllib3,2025-Q4,2.0,0.0,0.0,0.0,0,2.0,2.0
urllib3/urllib3,2026-Q1,1.0,0.0,0.0,0.0,0,1.0,1.0
yaml/pyyaml,2018-Q2,0.0,0.0,0.0,1.0,0,1.0,0.0
yaml/pyyaml,2019-Q1,1.0,0.0,0.0,0.0,0,1.0,1.0
yaml/pyyaml,2020-Q1,0.0,0.0,0.0,2.0,0,2.0,0.0
yaml/pyyaml,2021-Q1,1.0,0.0,0.0,1.0,0,2.0,1.0
yaml/pyyaml,2021-Q2,2.0,0.0,0.0,0.0,0,2.0,2.0
