repo_full_name,repo_id,default_branch,created_at,updated_at,pushed_at,stars,forks,open_issues,language,archived,fork,license,error
django/django,4164482.0,main,2012-04-28T02:47:18Z,2026-02-08T15:04:02Z,2026-02-06T21:19:49Z,86710.0,33636.0,0.0,Python,False,False,BSD-3-Clause,
pallets/flask,596892.0,main,2010-04-06T11:11:59Z,2026-02-08T14:48:40Z,2026-02-06T21:23:01Z,71144.0,16696.0,0.0,Python,False,False,BSD-3-Clause,
psf/requests,1362490.0,main,2011-02-13T18:38:17Z,2026-02-08T12:33:45Z,2026-02-06T16:11:26Z,53721.0,9731.0,204.0,Python,False,False,Apache-2.0,
fastapi/fastapi,160919119.0,master,2018-12-08T08:21:47Z,2026-02-08T15:44:20Z,2026-02-08T10:40:09Z,94899.0,8653.0,12.0,Python,False,False,MIT,
encode/httpx,179492861.0,master,2019-04-04T12:27:00Z,2026-02-08T15:55:06Z,2026-02-01T16:43:53Z,14974.0,1030.0,63.0,Python,False,False,BSD-3-Clause,
tornadoweb/tornado,301742.0,master,2009-09-09T04:55:16Z,2026-02-08T12:46:21Z,2026-01-23T01:16:27Z,22442.0,5544.0,181.0,Python,False,False,Apache-2.0,
aio-libs/aiohttp,13258039.0,master,2013-10-01T23:04:01Z,2026-02-08T12:33:50Z,2026-02-07T20:26:55Z,16256.0,2187.0,198.0,Python,False,False,NOASSERTION,
bottlepy/bottle,239940.0,master,2009-06-30T17:51:30Z,2026-02-07T13:46:38Z,2026-01-02T10:28:46Z,8743.0,1492.0,215.0,Python,False,False,MIT,
Kludex/starlette,138597372.0,main,2018-06-25T13:16:21Z,2026-02-08T14:58:54Z,2026-02-01T19:56:56Z,11902.0,1113.0,18.0,Python,False,False,BSD-3-Clause,
benoitc/gunicorn,390510.0,master,2009-11-30T18:18:08Z,2026-02-08T14:15:02Z,2026-02-07T16:43:34Z,10427.0,1810.0,72.0,Python,False,False,NOASSERTION,
Kludex/uvicorn,92946971.0,main,2017-05-31T13:13:43Z,2026-02-08T14:59:04Z,2026-02-02T19:48:34Z,10375.0,906.0,29.0,Python,False,False,BSD-3-Clause,
pallets/werkzeug,997338.0,main,2010-10-18T11:42:40Z,2026-02-07T21:00:24Z,2026-02-06T18:48:50Z,6840.0,1761.0,1.0,Python,False,False,BSD-3-Clause,
falconry/falcon,7040500.0,master,2012-12-06T18:17:51Z,2026-02-08T07:27:46Z,2026-01-25T20:14:55Z,9796.0,979.0,150.0,Python,False,False,Apache-2.0,
sanic-org/sanic,59720190.0,main,2016-05-26T04:38:22Z,2026-02-07T11:39:59Z,2026-01-07T11:11:51Z,18637.0,1583.0,98.0,Python,False,False,MIT,
pallets/quart,110288200.0,main,2017-11-10T20:10:33Z,2026-02-07T19:43:58Z,2025-09-01T18:49:41Z,3591.0,193.0,47.0,Python,False,False,MIT,
flask-restful/flask-restful,6182775.0,master,2012-10-12T00:08:51Z,2026-02-07T11:05:38Z,2024-07-19T22:46:03Z,6931.0,1045.0,98.0,Python,False,False,BSD-3-Clause,
graphql-python/graphene,43056951.0,master,2015-09-24T09:18:18Z,2026-02-05T06:10:49Z,2025-09-04T15:43:44Z,8244.0,821.0,91.0,Python,False,False,MIT,
encode/django-rest-framework,1431547.0,main,2011-03-02T17:13:56Z,2026-02-08T10:11:15Z,2026-02-07T13:26:13Z,29863.0,7064.0,43.0,Python,False,False,NOASSERTION,
strawberry-graphql/strawberry,162690887.0,main,2018-12-21T08:56:55Z,2026-02-07T14:00:04Z,2026-02-08T09:56:09Z,4607.0,609.0,378.0,Python,False,False,MIT,
numpy/numpy,908607.0,main,2010-09-13T23:02:39Z,2026-02-08T13:11:37Z,2026-02-05T19:16:13Z,31403.0,12029.0,2087.0,Python,False,False,NOASSERTION,
scipy/scipy,1460385.0,main,2011-03-09T18:52:03Z,2026-02-08T13:05:31Z,2026-02-08T11:17:30Z,14436.0,5610.0,1447.0,Python,False,False,BSD-3-Clause,
matplotlib/matplotlib,1385122.0,main,2011-02-19T03:17:12Z,2026-02-08T12:33:32Z,2026-02-07T01:33:09Z,22318.0,8181.0,1116.0,Python,False,False,,
pandas-dev/pandas,858127.0,main,2010-08-24T01:37:33Z,2026-02-08T14:21:58Z,2026-02-06T21:29:52Z,47834.0,19626.0,3440.0,Python,False,False,BSD-3-Clause,
scikit-learn/scikit-learn,843222.0,main,2010-08-17T09:43:38Z,2026-02-08T15:04:36Z,2026-02-06T14:50:17Z,64953.0,26670.0,1595.0,Python,False,False,BSD-3-Clause,
statsmodels/statsmodels,1885237.0,main,2011-06-12T17:04:50Z,2026-02-08T06:38:02Z,2026-01-13T23:39:11Z,11233.0,3321.0,2775.0,Python,False,False,BSD-3-Clause,
mwaskom/seaborn,4704710.0,master,2012-06-18T18:41:19Z,2026-02-08T12:24:37Z,2026-01-22T13:03:07Z,13711.0,2079.0,169.0,Python,False,False,BSD-3-Clause,
dmlc/xgboost,16587283.0,master,2014-02-06T17:28:03Z,2026-02-08T14:26:43Z,2026-02-07T06:18:15Z,27980.0,8844.0,406.0,C++,False,False,Apache-2.0,
tensorflow/tensorflow,45717250.0,master,2015-11-07T01:19:20Z,2026-02-08T15:55:26Z,2026-02-08T15:55:15Z,193660.0,75218.0,873.0,C++,False,False,Apache-2.0,
catboost/catboost,97556265.0,master,2017-07-18T05:29:04Z,2026-02-08T14:58:58Z,2026-02-08T14:58:54Z,8792.0,1260.0,648.0,C++,False,False,Apache-2.0,
microsoft/LightGBM,64991887.0,master,2016-08-05T05:45:50Z,2026-02-08T07:34:36Z,2026-02-08T00:26:24Z,18072.0,3982.0,427.0,C++,False,False,MIT,
huggingface/tokenizers,219035799.0,main,2019-11-01T17:52:20Z,2026-02-07T16:13:59Z,2026-02-06T10:06:40Z,10455.0,1030.0,107.0,Rust,False,False,Apache-2.0,
Lightning-AI/pytorch-lightning,178626720.0,master,2019-03-31T00:45:57Z,2026-02-08T15:52:39Z,2026-02-04T08:29:47Z,30814.0,3669.0,826.0,Python,False,False,Apache-2.0,
huggingface/transformers,155220641.0,main,2018-10-29T13:56:00Z,2026-02-08T15:51:34Z,2026-02-08T15:36:52Z,156224.0,31994.0,1089.0,Python,False,False,Apache-2.0,
huggingface/datasets,250213286.0,main,2020-03-26T09:23:22Z,2026-02-08T13:36:43Z,2026-02-04T18:55:37Z,21173.0,3093.0,894.0,Python,False,False,Apache-2.0,
huggingface/safetensors,540033828.0,main,2022-09-22T14:54:51Z,2026-02-05T16:22:10Z,2026-02-04T17:09:42Z,3615.0,293.0,33.0,Python,False,False,Apache-2.0,
huggingface/accelerate,308638334.0,main,2020-10-30T13:27:12Z,2026-02-06T14:38:49Z,2026-02-06T14:38:44Z,9486.0,1283.0,76.0,Python,False,False,Apache-2.0,
keras-team/keras,33015583.0,master,2015-03-28T00:35:42Z,2026-02-08T15:48:57Z,2026-02-07T01:14:31Z,63755.0,19688.0,210.0,Python,False,False,Apache-2.0,
huggingface/huggingface_hub,323591830.0,main,2020-12-22T10:20:28Z,2026-02-06T17:53:39Z,2026-02-07T03:43:38Z,3317.0,928.0,140.0,Python,False,False,Apache-2.0,
google-deepmind/optax,271834742.0,main,2020-06-12T15:45:35Z,2026-02-08T03:04:09Z,2026-02-06T17:37:50Z,2176.0,313.0,30.0,Python,False,False,Apache-2.0,
google/flax,233016299.0,main,2020-01-10T09:48:37Z,2026-02-07T11:16:34Z,2026-02-07T01:34:58Z,7064.0,787.0,233.0,Jupyter Notebook,False,False,Apache-2.0,
jax-ml/jax,154739597.0,main,2018-10-25T21:25:02Z,2026-02-08T15:10:44Z,2026-02-08T08:06:15Z,34816.0,3409.0,1669.0,Python,False,False,Apache-2.0,
modin-project/modin,138224079.0,main,2018-06-21T21:35:05Z,2026-02-08T13:31:16Z,2025-10-02T19:16:43Z,10357.0,673.0,672.0,Python,False,False,Apache-2.0,
dask/dask,28782747.0,main,2015-01-04T18:50:00Z,2026-02-07T17:13:54Z,2026-02-05T22:04:22Z,13733.0,1842.0,1020.0,Python,False,False,BSD-3-Clause,
pola-rs/polars,263727855.0,main,2020-05-13T19:45:33Z,2026-02-08T15:21:09Z,2026-02-08T14:41:39Z,37344.0,2603.0,2501.0,Rust,False,False,NOASSERTION,
jupyter/notebook,33653601.0,main,2015-04-09T06:58:03Z,2026-02-07T19:45:41Z,2026-02-06T07:54:24Z,12933.0,5589.0,1904.0,Jupyter Notebook,False,False,BSD-3-Clause,
jupyterlab/jupyterlab,60374819.0,main,2016-06-03T20:09:17Z,2026-02-08T11:19:39Z,2026-02-06T19:48:52Z,15006.0,3893.0,2434.0,TypeScript,False,False,NOASSERTION,
ipython/ipython,658518.0,main,2010-05-10T04:46:06Z,2026-02-08T12:10:58Z,2026-02-02T09:59:49Z,16674.0,4460.0,1554.0,Python,False,False,BSD-3-Clause,
ipython/ipykernel,33655535.0,main,2015-04-09T07:44:14Z,2026-02-06T16:43:21Z,2026-02-06T16:43:17Z,716.0,398.0,282.0,Python,False,False,BSD-3-Clause,
jupyter/nbformat,33640907.0,main,2015-04-09T01:07:29Z,2026-02-06T13:44:03Z,2026-02-02T21:03:52Z,305.0,166.0,64.0,Python,False,False,BSD-3-Clause,
imageio/imageio,9861437.0,master,2013-05-04T22:56:45Z,2026-02-04T02:53:06Z,2025-11-04T14:29:24Z,1674.0,341.0,107.0,Python,False,False,BSD-2-Clause,
opencv/opencv-python,55781523.0,4.x,2016-04-08T13:36:40Z,2026-02-08T09:59:10Z,2026-02-03T07:13:13Z,5182.0,999.0,170.0,Python,False,False,MIT,
python-pillow/Pillow,5171600.0,main,2012-07-24T21:38:39Z,2026-02-08T15:11:28Z,2026-02-08T12:20:26Z,13368.0,2403.0,63.0,Python,False,False,NOASSERTION,
scikit-image/scikit-image,2014929.0,main,2011-07-07T22:07:20Z,2026-02-07T11:39:51Z,2026-02-05T20:34:41Z,6441.0,2355.0,607.0,Python,False,False,NOASSERTION,
nltk/nltk,299862.0,develop,2009-09-07T10:53:58Z,2026-02-08T13:27:53Z,2026-01-10T07:49:54Z,14494.0,2977.0,263.0,Python,False,False,Apache-2.0,
RaRe-Technologies/gensim,1349775.0,develop,2011-02-10T07:43:04Z,2026-02-08T06:22:36Z,2025-11-01T12:01:39Z,16349.0,4413.0,399.0,Python,False,False,LGPL-2.1,
sloria/TextBlob,11075275.0,dev,2013-06-30T18:29:18Z,2026-02-08T09:28:48Z,2026-02-03T17:19:56Z,9502.0,1182.0,68.0,Python,False,False,MIT,
explosion/spaCy,21467110.0,master,2014-07-03T15:15:40Z,2026-02-08T15:52:55Z,2025-11-27T18:55:46Z,33173.0,4638.0,154.0,Python,False,False,MIT,
psycopg/psycopg2,7730829.0,master,2013-01-21T11:05:11Z,2026-02-07T16:45:10Z,2026-02-02T12:30:53Z,3610.0,527.0,18.0,C,False,False,NOASSERTION,
mongodb/mongo-python-driver,108051.0,master,2009-01-15T15:18:06Z,2026-02-06T16:29:51Z,2026-02-06T16:29:37Z,4331.0,1138.0,0.0,Python,False,False,Apache-2.0,
sqlalchemy/sqlalchemy,159271175.0,main,2018-11-27T03:35:03Z,2026-02-08T15:59:07Z,2026-02-06T15:06:53Z,11480.0,1634.0,191.0,Python,False,False,MIT,
celery/celery,184460.0,main,2009-04-24T11:31:24Z,2026-02-08T07:48:53Z,2026-02-04T15:34:09Z,27982.0,4939.0,677.0,Python,False,False,NOASSERTION,
redis/redis-py,363150.0,master,2009-11-06T10:22:26Z,2026-02-07T18:40:02Z,2026-02-07T11:18:32Z,13467.0,2654.0,78.0,Python,False,False,MIT,
sqlalchemy/alembic,159267771.0,main,2018-11-27T03:02:53Z,2026-02-08T11:00:54Z,2026-01-31T11:25:41Z,3943.0,309.0,111.0,Python,False,False,MIT,
MagicStack/asyncpg,63652864.0,master,2016-07-19T02:25:20Z,2026-02-05T23:04:24Z,2025-11-24T23:37:27Z,7928.0,437.0,238.0,Python,False,False,Apache-2.0,
aio-libs/aiomysql,28932001.0,main,2015-01-07T20:14:48Z,2026-02-05T08:35:49Z,2026-01-22T01:52:38Z,1887.0,266.0,85.0,Python,False,False,MIT,
coleifer/peewee,979480.0,master,2010-10-11T20:14:11Z,2026-02-07T19:37:24Z,2026-02-07T19:37:20Z,11927.0,1393.0,0.0,Python,False,False,MIT,
pytest-dev/pytest,37489525.0,main,2015-06-15T20:28:27Z,2026-02-08T15:31:38Z,2026-02-08T06:39:23Z,13545.0,3012.0,870.0,Python,False,False,MIT,
mongodb/motor,7567432.0,master,2013-01-11T21:34:44Z,2026-02-02T12:28:18Z,2026-02-02T12:28:16Z,2523.0,215.0,0.0,Python,False,False,Apache-2.0,
tortoise/tortoise-orm,127320882.0,develop,2018-03-29T16:52:10Z,2026-02-08T14:08:04Z,2026-02-08T16:03:24Z,5477.0,455.0,469.0,Python,False,False,Apache-2.0,
pytest-dev/pytest-cov,18891741.0,master,2014-04-17T20:01:12Z,2026-02-06T21:52:49Z,2025-12-15T14:08:30Z,2001.0,229.0,154.0,Python,False,False,MIT,
pytest-dev/pytest-mock,21923259.0,main,2014-07-17T00:40:32Z,2026-02-07T22:07:20Z,2026-01-26T21:21:25Z,2012.0,149.0,13.0,Python,False,False,MIT,
pytest-dev/pytest-asyncio,33756412.0,main,2015-04-11T00:18:05Z,2026-02-07T21:54:49Z,2026-02-03T10:53:29Z,1613.0,174.0,45.0,Python,False,False,Apache-2.0,
pytest-dev/pytest-xdist,41756998.0,master,2015-09-01T18:51:45Z,2026-02-07T16:31:13Z,2026-01-26T21:31:03Z,1788.0,253.0,277.0,Python,False,False,MIT,
HypothesisWorks/hypothesis,8685799.0,master,2013-03-10T13:51:19Z,2026-02-08T15:49:15Z,2026-02-08T00:14:37Z,8434.0,630.0,54.0,Python,False,False,NOASSERTION,
tox-dev/tox,68465360.0,main,2016-09-17T16:54:22Z,2026-02-06T18:05:02Z,2026-02-02T17:48:30Z,3896.0,542.0,151.0,Python,False,False,MIT,
coveragepy/coveragepy,138421996.0,main,2018-06-23T17:44:53Z,2026-02-08T09:00:12Z,2026-02-08T12:44:23Z,3320.0,472.0,246.0,Python,False,False,Apache-2.0,
joke2k/faker,6662075.0,master,2012-11-12T23:00:09Z,2026-02-08T14:41:41Z,2026-02-06T23:30:20Z,19068.0,2044.0,8.0,Python,False,False,MIT,
FactoryBoy/factory_boy,1732211.0,master,2011-05-11T08:26:59Z,2026-02-03T14:21:15Z,2026-01-01T19:04:12Z,3772.0,410.0,160.0,Python,False,False,MIT,
wntrblm/nox,52413187.0,main,2016-02-24T04:02:58Z,2026-02-07T12:06:11Z,2026-02-06T20:51:04Z,1493.0,174.0,67.0,Python,False,False,Apache-2.0,
kevin1024/vcrpy,4477733.0,master,2012-05-29T04:52:00Z,2026-02-08T13:38:13Z,2026-02-06T16:16:45Z,2936.0,424.0,131.0,Python,False,False,MIT,
psf/black,125266328.0,main,2018-03-14T19:54:45Z,2026-02-08T13:17:00Z,2026-02-06T15:46:04Z,41363.0,2721.0,299.0,Python,False,False,MIT,
getsentry/responses,14437755.0,master,2013-11-15T23:28:18Z,2026-02-08T14:24:08Z,2026-01-20T13:38:56Z,4318.0,360.0,28.0,Python,False,False,Apache-2.0,
pylint-dev/pylint,47671127.0,main,2015-12-09T05:40:02Z,2026-02-07T17:01:40Z,2026-02-07T17:01:35Z,5645.0,1214.0,1027.0,Python,False,False,GPL-2.0,
pycqa/flake8,24000265.0,main,2014-09-13T17:06:24Z,2026-02-06T14:33:44Z,2025-12-22T21:54:36Z,3756.0,340.0,23.0,Python,False,False,NOASSERTION,
RobertCraigie/pyright-python,378240482.0,main,2021-06-18T18:54:17Z,2026-02-01T08:48:32Z,2026-01-08T08:07:40Z,259.0,24.0,16.0,Python,False,False,MIT,
astral-sh/ruff,523043277.0,main,2022-08-09T17:17:44Z,2026-02-08T15:32:09Z,2026-02-08T02:21:38Z,45638.0,1756.0,1651.0,Rust,False,False,MIT,
hhatto/autopep8,1206729.0,main,2010-12-29T20:08:51Z,2026-01-28T00:11:01Z,2025-11-24T13:53:51Z,4661.0,289.0,124.0,Python,False,False,MIT,
python/mypy,7053637.0,master,2012-12-07T13:30:23Z,2026-02-08T15:31:44Z,2026-02-08T16:01:48Z,20189.0,3106.0,2660.0,Python,False,False,NOASSERTION,
PyCQA/isort,12550138.0,main,2013-09-02T22:22:53Z,2026-02-06T21:53:20Z,2026-02-01T20:24:33Z,6901.0,611.0,158.0,Python,False,False,MIT,
pre-commit/pre-commit,17689377.0,main,2014-03-13T00:39:38Z,2026-02-08T11:49:04Z,2025-12-22T21:55:48Z,14930.0,921.0,20.0,Python,False,False,MIT,
PyCQA/bandit,131129792.0,main,2018-04-26T09:08:12Z,2026-02-08T10:46:28Z,2026-02-03T00:36:09Z,7767.0,730.0,178.0,Python,False,False,Apache-2.0,
pallets/click,19103692.0,main,2014-04-24T09:52:19Z,2026-02-08T13:52:13Z,2025-12-31T06:51:28Z,17188.0,1556.0,126.0,Python,False,False,BSD-3-Clause,
tqdm/tqdm,36804486.0,master,2015-06-03T13:13:14Z,2026-02-08T15:15:01Z,2026-02-04T20:48:27Z,30941.0,1429.0,444.0,Python,False,False,NOASSERTION,
Textualize/rich,220809393.0,master,2019-11-10T15:28:09Z,2026-02-08T15:37:26Z,2026-02-01T16:21:51Z,55405.0,2018.0,213.0,Python,False,False,MIT,
fastapi/typer,229937405.0,master,2019-12-24T12:24:11Z,2026-02-08T15:15:51Z,2026-02-06T08:52:32Z,18797.0,838.0,66.0,Python,False,False,MIT,
google/python-fire,82729529.0,master,2017-02-21T21:35:07Z,2026-02-08T04:40:23Z,2026-02-01T08:17:46Z,28097.0,1468.0,127.0,Python,False,False,NOASSERTION,
prompt-toolkit/python-prompt-toolkit,16241224.0,main,2014-01-25T22:12:08Z,2026-02-08T15:23:17Z,2025-11-17T08:33:22Z,10257.0,759.0,608.0,Python,False,False,BSD-3-Clause,
tartley/colorama,18892209.0,master,2014-04-17T20:18:25Z,2026-02-07T21:30:26Z,2025-07-09T17:06:02Z,3765.0,266.0,108.0,Python,False,False,BSD-3-Clause,
python-trio/trio,79083614.0,main,2017-01-16T04:45:25Z,2026-02-08T01:30:11Z,2026-02-01T01:14:41Z,7157.0,382.0,274.0,Python,False,False,NOASSERTION,
MagicStack/uvloop,45766550.0,master,2015-11-08T04:14:54Z,2026-02-08T06:56:23Z,2026-01-30T14:24:05Z,11637.0,600.0,119.0,Cython,False,False,Apache-2.0,
agronholm/anyio,145337588.0,master,2018-08-19T21:07:18Z,2026-02-06T06:23:46Z,2026-02-04T20:13:22Z,2380.0,179.0,59.0,Python,False,False,MIT,
gevent/gevent,5801666.0,master,2012-09-13T22:03:03Z,2026-02-08T11:02:17Z,2026-01-01T21:08:40Z,6434.0,961.0,125.0,Python,False,False,NOASSERTION,
python-greenlet/greenlet,3003137.0,master,2011-12-17T21:12:01Z,2026-02-07T08:23:43Z,2026-01-23T16:19:35Z,1799.0,264.0,21.0,C++,False,False,NOASSERTION,
marshmallow-code/marshmallow,14284859.0,dev,2013-11-10T21:32:24Z,2026-02-05T11:08:08Z,2026-02-04T15:46:07Z,7233.0,654.0,127.0,Python,False,False,MIT,
pydantic/pydantic,90194616.0,main,2017-05-03T21:23:58Z,2026-02-08T15:18:01Z,2026-02-08T13:19:57Z,26720.0,2430.0,513.0,Python,False,False,MIT,
msgpack/msgpack-python,2242705.0,main,2011-08-21T08:24:41Z,2026-02-05T13:42:54Z,2025-12-01T05:16:05Z,2062.0,239.0,3.0,Python,False,False,NOASSERTION,
python-attrs/attrs,29918975.0,main,2015-01-27T15:01:01Z,2026-02-05T13:33:39Z,2026-02-04T08:08:43Z,5726.0,412.0,137.0,Python,False,False,MIT,
python-attrs/cattrs,66779450.0,main,2016-08-28T16:45:58Z,2026-02-03T22:47:25Z,2026-01-27T22:01:18Z,976.0,129.0,78.0,Python,False,False,MIT,
ijl/orjson,158618772.0,master,2018-11-21T23:43:14Z,2026-02-07T18:16:53Z,2026-02-02T15:11:27Z,7877.0,290.0,0.0,Python,False,False,Apache-2.0,
ultrajson/ultrajson,1418941.0,main,2011-02-27T20:00:51Z,2026-02-06T09:20:44Z,2026-01-19T08:04:00Z,4475.0,374.0,28.0,C++,False,False,NOASSERTION,
yaml/pyyaml,2700147.0,main,2011-11-03T05:09:49Z,2026-02-08T15:30:34Z,2025-09-25T21:29:27Z,2845.0,566.0,234.0,Python,False,False,MIT,
hukkin/tomli,370616797.0,master,2021-05-25T08:17:13Z,2026-01-31T23:16:52Z,2026-01-19T17:39:17Z,552.0,51.0,3.0,Python,False,False,MIT,
hukkin/tomli-w,381473785.0,master,2021-06-29T19:20:20Z,2026-02-07T02:34:53Z,2026-01-19T17:40:02Z,127.0,18.0,1.0,Python,False,False,MIT,
uiri/toml,8387179.0,master,2013-02-24T06:07:30Z,2026-01-18T19:40:49Z,2024-06-26T18:59:56Z,1137.0,194.0,106.0,Python,False,False,MIT,
jaraco/configparser,167204128.0,main,2019-01-23T15:18:11Z,2025-11-25T19:41:47Z,2025-09-16T12:37:14Z,61.0,21.0,0.0,Python,False,False,,
theskumar/python-dotenv,23727790.0,main,2014-09-06T05:35:17Z,2026-02-07T11:26:30Z,2026-01-12T13:03:34Z,8646.0,500.0,49.0,Python,False,False,BSD-3-Clause,
pyca/cryptography,11939484.0,main,2013-08-07T02:23:38Z,2026-02-08T04:52:35Z,2026-02-07T12:22:59Z,7469.0,1702.0,35.0,Python,False,False,NOASSERTION,
python-jsonschema/jsonschema,3072629.0,main,2011-12-30T03:37:43Z,2026-02-08T01:54:31Z,2026-02-04T05:04:26Z,4918.0,608.0,42.0,Python,False,False,MIT,
jpadilla/pyjwt,1408162.0,master,2011-02-24T20:25:09Z,2026-02-08T07:09:29Z,2026-02-03T02:18:57Z,5588.0,725.0,34.0,Python,False,False,MIT,
certifi/python-certifi,3060959.0,master,2011-12-28T05:15:19Z,2026-02-06T04:39:19Z,2026-01-27T00:37:30Z,956.0,276.0,3.0,Python,False,False,NOASSERTION,
pyca/bcrypt,9993757.0,main,2013-05-11T02:03:55Z,2026-02-07T04:48:28Z,2026-02-05T14:59:52Z,1443.0,209.0,5.0,Python,False,False,Apache-2.0,
paramiko/paramiko,119609.0,main,2009-02-02T03:41:08Z,2026-02-07T15:03:50Z,2025-10-20T02:50:05Z,9666.0,2034.0,877.0,Python,False,False,LGPL-2.1,
sethmlarson/truststore,445604278.0,main,2022-01-07T17:40:56Z,2026-02-05T03:40:25Z,2025-11-28T16:40:58Z,219.0,25.0,18.0,Python,False,False,MIT,
pyca/pyopenssl,15778059.0,main,2014-01-09T20:10:36Z,2026-01-23T06:56:10Z,2026-01-23T06:56:13Z,931.0,422.0,62.0,Python,False,False,Apache-2.0,
googleapis/python-storage,226992639.0,main,2019-12-10T00:10:14Z,2026-02-04T16:07:58Z,2026-02-06T14:21:35Z,494.0,172.0,35.0,Python,False,False,Apache-2.0,
boto/boto3,24774658.0,develop,2014-10-03T21:38:03Z,2026-02-08T00:41:53Z,2026-02-06T20:21:26Z,9682.0,1953.0,151.0,Python,False,False,Apache-2.0,
boto/botocore,6670942.0,develop,2012-11-13T13:25:36Z,2026-02-06T20:17:44Z,2026-02-07T19:59:12Z,1601.0,1136.0,108.0,Python,False,False,Apache-2.0,
googleapis/google-auth-library-python,69199387.0,main,2016-09-26T00:38:59Z,2026-02-04T18:17:56Z,2026-02-02T19:46:05Z,868.0,348.0,1.0,Python,False,False,Apache-2.0,
docker/docker-py,10247874.0,main,2013-05-23T16:15:07Z,2026-02-08T13:23:04Z,2025-11-24T13:24:54Z,7159.0,1711.0,440.0,Python,False,False,Apache-2.0,
Azure/azure-sdk-for-python,4127088.0,main,2012-04-24T16:46:12Z,2026-02-07T01:47:12Z,2026-02-08T14:26:46Z,5472.0,3226.0,823.0,Python,False,False,MIT,
fabric/fabric,189840.0,main,2009-05-01T01:14:24Z,2026-02-08T13:13:29Z,2025-07-20T17:33:07Z,15392.0,1959.0,442.0,Python,False,False,BSD-2-Clause,
pyinvoke/invoke,3587206.0,main,2012-02-29T23:59:23Z,2026-02-08T07:04:30Z,2025-10-20T02:48:25Z,4708.0,383.0,344.0,Python,False,False,BSD-2-Clause,
urllib3/urllib3,2410676.0,main,2011-09-18T18:08:28Z,2026-02-07T17:44:11Z,2026-02-03T02:41:44Z,4004.0,1287.0,136.0,Python,False,False,MIT,
chardet/chardet,5196969.0,main,2012-07-26T20:30:54Z,2026-02-07T14:53:36Z,2026-01-05T19:39:45Z,2321.0,265.0,67.0,Python,False,False,LGPL-2.1,
kjd/idna,10323585.0,master,2013-05-27T22:22:13Z,2025-12-26T07:03:18Z,2025-10-20T21:41:13Z,274.0,110.0,3.0,Python,False,False,BSD-3-Clause,
grpc/grpc,27729880.0,master,2014-12-08T18:58:53Z,2026-02-08T13:33:33Z,2026-02-07T16:29:20Z,44324.0,11045.0,681.0,C++,False,False,Apache-2.0,
pallets/jinja,994551.0,main,2010-10-17T13:41:17Z,2026-02-08T15:15:45Z,2025-06-14T20:35:04Z,11441.0,1693.0,72.0,Python,False,False,BSD-3-Clause,
python-websockets/websockets,9113587.0,main,2013-03-30T08:59:30Z,2026-02-08T12:33:14Z,2026-01-16T11:07:20Z,5630.0,579.0,14.0,Python,False,False,BSD-3-Clause,
ansible/ansible,,,,,,,,,,,,,[{'message': 'Something went wrong while executing your query on 2026-02-08T16:05:42Z. Please include `E1DE:3603E1:457B154:12939CEB:6988B44E` when reporting this issue.'}]
pallets/markupsafe,734244.0,main,2010-06-22T17:22:58Z,2026-02-03T16:04:55Z,2025-09-27T18:47:09Z,686.0,172.0,1.0,Python,False,False,BSD-3-Clause,
sqlalchemy/mako,159240758.0,main,2018-11-26T22:21:34Z,2026-02-06T13:24:33Z,2025-08-16T14:49:49Z,428.0,69.0,69.0,Python,False,False,MIT,
lxml/lxml,1353927.0,master,2011-02-11T05:43:11Z,2026-02-08T04:49:06Z,2026-01-26T12:42:05Z,2993.0,608.0,0.0,Python,False,False,BSD-3-Clause,
html5lib/html5lib-python,9322649.0,master,2013-04-09T14:07:42Z,2026-02-07T13:57:24Z,2024-02-27T19:49:36Z,1218.0,302.0,81.0,Python,False,False,MIT,
scrapy/cssselect,3991517.0,master,2012-04-11T08:15:46Z,2026-02-02T14:34:42Z,2026-01-29T06:59:34Z,307.0,62.0,18.0,Python,False,False,NOASSERTION,
scrapy/parsel,34527721.0,master,2015-04-24T15:53:36Z,2026-02-06T12:25:14Z,2026-01-29T07:17:35Z,1312.0,154.0,31.0,Python,False,False,BSD-3-Clause,
celery/kombu,735498.0,main,2010-06-23T10:10:24Z,2026-02-08T12:09:23Z,2026-02-06T03:43:35Z,3099.0,980.0,164.0,Python,False,False,BSD-3-Clause,
pika/pika,342869.0,main,2009-10-19T23:22:02Z,2026-02-06T18:38:20Z,2025-11-10T15:11:21Z,3857.0,848.0,35.0,Python,False,False,BSD-3-Clause,
celery/py-amqp,5152372.0,main,2012-07-23T13:50:57Z,2026-02-05T06:28:47Z,2026-02-05T06:28:45Z,314.0,190.0,31.0,Python,False,False,NOASSERTION,
scrapy/scrapy,529502.0,master,2010-02-22T02:01:14Z,2026-02-08T15:21:34Z,2026-02-06T20:17:56Z,59678.0,11232.0,459.0,Python,False,False,BSD-3-Clause,
sdispater/pendulum,62095504.0,master,2016-06-27T23:37:53Z,2026-02-08T06:17:23Z,2026-02-06T11:57:20Z,6619.0,415.0,204.0,Python,False,False,MIT,
dateutil/dateutil,26876372.0,master,2014-11-19T18:56:16Z,2026-02-06T17:53:59Z,2025-09-16T09:00:50Z,2596.0,530.0,332.0,Python,False,False,NOASSERTION,
arrow-py/arrow,6750871.0,master,2012-11-18T20:23:27Z,2026-02-07T01:21:55Z,2025-12-16T04:41:26Z,9023.0,706.0,89.0,Python,False,False,Apache-2.0,
networkx/networkx,890377.0,main,2010-09-06T00:53:44Z,2026-02-07T14:41:24Z,2026-02-07T07:48:23Z,16596.0,3465.0,162.0,Python,False,False,NOASSERTION,
python-babel/babel,11150301.0,master,2013-07-03T12:25:10Z,2026-02-07T08:49:25Z,2026-02-01T17:46:42Z,1426.0,464.0,165.0,Python,False,False,BSD-3-Clause,
sympy/sympy,640534.0,master,2010-04-30T20:37:14Z,2026-02-08T12:31:33Z,2026-02-08T10:36:54Z,14367.0,5051.0,4615.0,Python,False,False,NOASSERTION,
igraph/python-igraph,28992184.0,main,2015-01-08T23:55:16Z,2026-02-06T22:50:54Z,2026-01-12T17:09:43Z,1434.0,262.0,53.0,Python,False,False,GPL-2.0,
hynek/structlog,12085960.0,main,2013-08-13T15:55:58Z,2026-02-07T16:41:08Z,2026-02-04T09:21:46Z,4550.0,265.0,35.0,Python,False,False,NOASSERTION,
Delgan/loguru,100401612.0,master,2017-08-15T17:22:32Z,2026-02-08T15:23:23Z,2026-01-15T00:22:08Z,23570.0,767.0,235.0,Python,False,False,MIT,
prometheus/client_python,30618733.0,master,2015-02-10T22:47:25Z,2026-02-05T09:20:58Z,2026-01-21T23:41:12Z,4291.0,843.0,108.0,Python,False,False,Apache-2.0,
jazzband/pathlib2,25391854.0,develop,2014-10-18T08:28:33Z,2025-11-19T11:13:32Z,2023-09-29T07:38:26Z,85.0,30.0,6.0,Python,False,False,MIT,
getsentry/sentry-python,137814779.0,master,2018-06-18T22:51:10Z,2026-02-06T15:11:40Z,2026-02-06T12:52:12Z,2135.0,580.0,234.0,Python,False,False,MIT,
open-telemetry/opentelemetry-python,185478926.0,main,2019-05-07T21:13:30Z,2026-02-07T21:48:00Z,2026-02-06T20:00:05Z,2309.0,801.0,356.0,Python,False,False,Apache-2.0,
gorakhargosh/watchdog,1017451.0,master,2010-10-23T12:00:17Z,2026-02-08T10:10:18Z,2026-01-08T09:04:44Z,7248.0,739.0,207.0,Python,False,False,Apache-2.0,
tox-dev/py-filelock,17098256.0,main,2014-02-23T00:29:27Z,2026-02-05T11:21:40Z,2026-02-02T16:48:37Z,932.0,125.0,24.0,Python,False,False,Unlicense,
tox-dev/platformdirs,367032142.0,main,2021-05-13T11:48:19Z,2026-02-08T07:00:14Z,2026-02-02T17:46:27Z,890.0,75.0,21.0,Python,False,False,MIT,
ActiveState/appdirs,802133.0,master,2010-07-28T04:07:00Z,2026-01-17T21:19:20Z,2023-02-10T23:42:40Z,1078.0,100.0,30.0,Python,False,False,MIT,
python/importlib_resources,306147182.0,main,2020-10-21T21:02:58Z,2026-01-24T09:50:34Z,2025-05-14T06:53:24Z,71.0,48.0,4.0,Python,False,False,,
python/importlib_metadata,306448340.0,main,2020-10-22T20:13:11Z,2026-01-24T09:55:42Z,2025-12-29T16:40:26Z,139.0,94.0,11.0,Python,False,False,,
pypa/packaging,19837758.0,main,2014-05-15T22:49:43Z,2026-02-06T01:37:11Z,2026-02-02T19:43:14Z,713.0,281.0,82.0,Python,False,False,NOASSERTION,
pypa/setuptools,54980593.0,main,2016-03-29T14:02:33Z,2026-02-08T14:53:14Z,2026-02-08T14:53:10Z,2804.0,1361.0,600.0,Python,False,False,MIT,
pypa/wheel,98346885.0,main,2017-07-25T20:24:25Z,2026-01-31T21:22:34Z,2026-01-22T12:39:15Z,548.0,175.0,8.0,Python,False,False,MIT,
pypa/pip,1446467.0,main,2011-03-06T14:30:46Z,2026-02-08T01:18:12Z,2026-02-07T17:19:27Z,10086.0,3229.0,928.0,Python,False,False,MIT,
pypa/twine,12085555.0,main,2013-08-13T15:39:39Z,2026-02-08T11:09:07Z,2026-01-29T23:06:49Z,1753.0,326.0,44.0,Python,False,False,Apache-2.0,
pypa/flit,32181539.0,main,2015-03-13T21:22:27Z,2026-02-05T15:18:54Z,2025-12-12T20:40:43Z,2243.0,152.0,114.0,Python,False,False,BSD-3-Clause,
pypa/build,262827329.0,main,2020-05-10T16:20:46Z,2026-02-04T09:45:57Z,2026-01-27T14:47:53Z,833.0,148.0,49.0,Python,False,False,MIT,
pypa/hatch,92997800.0,master,2017-05-31T23:37:53Z,2026-02-07T10:25:07Z,2026-02-03T23:44:14Z,7135.0,361.0,440.0,Python,False,False,MIT,
python-poetry/poetry,123303402.0,main,2018-02-28T15:23:47Z,2026-02-07T22:49:27Z,2026-02-01T15:39:36Z,34190.0,2398.0,516.0,Python,False,False,MIT,
python/typing_extensions,494077289.0,main,2022-05-19T13:12:25Z,2026-02-08T12:34:29Z,2026-01-28T05:37:47Z,550.0,132.0,18.0,Python,False,False,NOASSERTION,
typeshed-internal/stub_uploader,331669593.0,main,2021-01-21T15:27:10Z,2026-02-08T04:23:58Z,2026-02-08T04:23:54Z,36.0,22.0,10.0,Python,False,False,Apache-2.0,
sphinx-doc/sphinx,28710753.0,master,2015-01-02T10:53:28Z,2026-02-08T01:18:18Z,2026-02-04T04:43:35Z,7658.0,2375.0,1261.0,Python,False,False,NOASSERTION,
mkdocs/mkdocs,15830664.0,master,2014-01-11T21:05:21Z,2026-02-08T15:35:30Z,2025-10-20T13:17:06Z,21689.0,2587.0,113.0,Python,False,False,BSD-2-Clause,
squidfunk/mkdocs-material,50617428.0,master,2016-01-28T22:09:23Z,2026-02-08T14:45:58Z,2026-01-21T14:19:54Z,25988.0,4042.0,2.0,Python,False,False,MIT,
graphql-python/gql,62077169.0,master,2016-06-27T18:08:42Z,2026-01-30T12:03:59Z,2026-01-27T15:47:42Z,1663.0,188.0,5.0,Python,False,False,MIT,
mitmproxy/pdoc,11885132.0,main,2013-08-04T21:12:50Z,2026-02-07T08:55:32Z,2026-02-01T08:03:51Z,2460.0,213.0,49.0,Python,False,False,MIT-0,
indygreg/python-zstandard,67307930.0,main,2016-09-03T19:28:44Z,2026-02-04T21:35:41Z,2025-09-14T19:39:55Z,618.0,108.0,46.0,C,False,False,BSD-3-Clause,
google/brotli,24993138.0,master,2014-10-09T14:35:14Z,2026-02-08T11:05:21Z,2025-12-18T03:05:31Z,14569.0,1317.0,67.0,TypeScript,False,False,MIT,
mirumee/ariadne,140265025.0,main,2018-07-09T09:46:17Z,2026-02-06T19:19:51Z,2026-02-06T19:19:48Z,2318.0,189.0,37.0,Python,False,False,BSD-3-Clause,
jawah/charset_normalizer,200259335.0,master,2019-08-02T15:37:20Z,2026-02-08T03:55:51Z,2026-02-03T09:39:36Z,736.0,61.0,2.0,Python,False,False,MIT,
uqfoundation/multiprocess,37775115.0,master,2015-06-20T15:45:09Z,2026-02-07T20:34:28Z,2026-02-07T20:35:07Z,691.0,69.0,36.0,Python,False,False,NOASSERTION,
giampaolo/psutil,20101515.0,master,2014-05-23T14:01:48Z,2026-02-08T00:23:30Z,2026-02-07T13:20:30Z,11074.0,1462.0,318.0,Python,False,False,BSD-3-Clause,
cloudpipe/cloudpickle,33880218.0,master,2015-04-13T16:33:00Z,2026-02-06T09:56:01Z,2025-11-05T10:43:32Z,1885.0,188.0,90.0,Python,False,False,NOASSERTION,
joblib/joblib,654608.0,main,2010-05-07T06:48:26Z,2026-02-08T03:54:02Z,2026-02-06T10:22:19Z,4325.0,446.0,367.0,Python,False,False,BSD-3-Clause,
ionelmc/python-tblib,15540605.0,master,2013-12-31T01:43:56Z,2026-01-15T02:18:23Z,2025-11-12T12:21:11Z,180.0,39.0,17.0,Python,False,False,BSD-2-Clause,
uqfoundation/dill,11031844.0,master,2013-06-28T16:42:27Z,2026-02-06T08:02:04Z,2026-01-24T02:35:10Z,2427.0,189.0,171.0,Python,False,False,NOASSERTION,
jd/tenacity,65468547.0,main,2016-08-11T12:44:02Z,2026-02-08T15:17:16Z,2026-02-07T10:45:04Z,8333.0,305.0,118.0,Python,False,False,Apache-2.0,
hynek/stamina,543711697.0,main,2022-09-30T17:23:17Z,2026-02-06T16:27:07Z,2026-02-04T10:30:37Z,1325.0,15.0,1.0,Python,False,False,MIT,
grantjenks/python-diskcache,51039722.0,master,2016-02-03T23:59:06Z,2026-02-06T13:51:48Z,2024-08-10T14:33:59Z,2821.0,155.0,49.0,Python,False,False,NOASSERTION,
tkem/cachetools,18006791.0,master,2014-03-22T10:15:14Z,2026-02-07T04:41:59Z,2026-02-01T18:57:13Z,2692.0,183.0,2.0,Python,False,False,MIT,
tomasbasham/ratelimit,41420093.0,master,2015-08-26T10:39:52Z,2026-01-17T16:32:20Z,2025-05-31T11:17:08Z,827.0,161.0,25.0,Python,False,False,MIT,
sqlalchemy/dogpile.cache,158974989.0,main,2018-11-24T21:27:23Z,2026-01-29T20:55:31Z,2026-01-12T19:06:42Z,290.0,48.0,47.0,Python,False,False,MIT,
alisaifee/limits,28948972.0,master,2015-01-08T04:34:40Z,2026-02-07T05:24:12Z,2026-02-07T05:24:16Z,602.0,74.0,2.0,Python,False,False,MIT,
pyeve/cerberus,6155413.0,1.3.x,2012-10-10T10:03:49Z,2026-02-06T05:50:07Z,2026-01-01T13:12:49Z,3264.0,239.0,14.0,Python,False,False,ISC,
alecthomas/voluptuous,776374.0,master,2010-07-15T09:55:10Z,2026-02-04T06:09:24Z,2026-01-12T03:45:28Z,1849.0,218.0,37.0,Python,False,False,BSD-3-Clause,
mailgun/mailgun-python,921707635.0,main,2025-01-24T13:15:02Z,2026-01-08T09:20:43Z,2026-01-23T15:27:20Z,5.0,3.0,0.0,Python,False,False,Apache-2.0,
sendgrid/sendgrid-python,3546794.0,main,2012-02-25T19:10:40Z,2026-02-07T17:09:55Z,2025-09-19T06:20:10Z,1620.0,725.0,46.0,Python,False,False,MIT,
stripe/stripe-python,1953389.0,master,2011-06-25T19:53:04Z,2026-02-08T02:31:44Z,2026-02-05T20:26:31Z,1950.0,488.0,16.0,Python,False,False,MIT,
authlib/authlib,108510280.0,main,2017-10-27T06:52:26Z,2026-02-08T07:11:26Z,2026-02-06T14:03:31Z,5203.0,521.0,116.0,Python,False,False,BSD-3-Clause,
oauthlib/oauthlib,2811323.0,master,2011-11-19T23:08:51Z,2026-01-27T17:12:52Z,2026-01-31T14:28:24Z,2951.0,500.0,84.0,Python,False,False,BSD-3-Clause,
mpdavis/python-jose,34281115.0,master,2015-04-20T19:19:35Z,2026-02-06T09:52:29Z,2025-05-28T17:33:26Z,1726.0,255.0,86.0,Python,False,False,MIT,
launchdarkly/python-server-sdk,22690924.0,main,2014-08-06T17:02:49Z,2026-02-04T17:04:43Z,2026-02-04T19:37:12Z,43.0,45.0,3.0,Python,False,False,NOASSERTION,
elastic/elasticsearch-py,9801644.0,main,2013-05-01T22:47:39Z,2026-02-05T14:55:33Z,2026-02-06T10:31:03Z,4367.0,1207.0,57.0,Python,False,False,Apache-2.0,
py-pdf/pypdf,3119517.0,main,2012-01-06T17:13:38Z,2026-02-08T14:45:13Z,2026-02-08T14:48:10Z,9794.0,1543.0,92.0,Python,False,False,NOASSERTION,
opensearch-project/opensearch-py,388884666.0,main,2021-07-23T17:56:15Z,2026-02-03T13:00:10Z,2026-01-26T03:13:53Z,456.0,214.0,78.0,Python,False,False,Apache-2.0,
jsvine/pdfplumber,41279279.0,stable,2015-08-24T03:14:48Z,2026-02-08T15:23:44Z,2026-01-28T22:47:09Z,9678.0,865.0,71.0,Python,False,False,MIT,
jmcnamara/XlsxWriter,7433211.0,main,2013-01-04T01:07:06Z,2026-02-06T02:10:37Z,2026-01-28T17:55:09Z,3904.0,663.0,19.0,Python,False,False,BSD-2-Clause,
wireservice/csvkit,1553944.0,master,2011-04-01T03:00:30Z,2026-02-08T01:09:05Z,2026-01-15T18:45:20Z,6340.0,672.0,35.0,Python,False,False,MIT,
jazzband/tablib,1535009.0,master,2011-03-28T02:36:50Z,2026-02-07T23:16:27Z,2026-01-06T16:49:32Z,4751.0,592.0,25.0,Python,False,False,MIT,
shapely/shapely,3080613.0,main,2011-12-31T19:43:11Z,2026-02-07T14:04:52Z,2026-01-30T09:18:57Z,4368.0,610.0,198.0,Python,False,False,BSD-3-Clause,
geopandas/geopandas,11002815.0,main,2013-06-27T17:03:47Z,2026-02-08T09:55:23Z,2026-02-06T10:24:11Z,5040.0,1002.0,357.0,Python,False,False,BSD-3-Clause,
python-visualization/folium,9952134.0,main,2013-05-09T04:21:35Z,2026-02-07T12:00:10Z,2026-02-08T13:28:27Z,7317.0,2251.0,71.0,Python,False,False,NOASSERTION,
benfred/py-spy,143092994.0,master,2018-08-01T02:22:15Z,2026-02-08T09:45:19Z,2026-02-05T01:36:01Z,14919.0,497.0,187.0,Rust,False,False,MIT,
plasma-umass/scalene,228700143.0,master,2019-12-17T20:56:28Z,2026-02-07T17:33:04Z,2026-02-07T17:33:00Z,13270.0,432.0,153.0,JavaScript,False,False,Apache-2.0,
Kozea/CairoSVG,2184291.0,main,2011-08-10T09:15:48Z,2026-02-03T05:52:11Z,2026-01-28T19:47:35Z,906.0,159.0,89.0,Python,False,False,LGPL-3.0,
MagicStack/contextvars,126106595.0,master,2018-03-21T01:40:24Z,2025-11-24T14:41:21Z,2019-04-01T14:43:19Z,89.0,9.0,5.0,Python,False,False,Apache-2.0,
pallets-eco/blinker,11147893.0,main,2013-07-03T10:32:39Z,2026-02-08T13:41:57Z,2025-11-19T00:43:37Z,2021.0,187.0,0.0,Python,False,False,MIT,
jab/bidict,24373694.0,main,2014-09-23T14:00:27Z,2026-02-04T07:33:28Z,2026-02-01T17:59:21Z,1571.0,64.0,1.0,Python,False,False,MPL-2.0,
more-itertools/more-itertools,4144530.0,master,2012-04-26T05:15:14Z,2026-02-04T11:58:55Z,2026-02-02T20:04:28Z,4037.0,311.0,9.0,Python,False,False,MIT,
bloomberg/memray,479491550.0,main,2022-04-08T18:04:11Z,2026-02-08T15:31:18Z,2026-02-07T06:24:55Z,14842.0,431.0,43.0,Python,False,False,Apache-2.0,
pytoolz/toolz,12799539.0,master,2013-09-13T02:18:43Z,2026-02-05T22:52:16Z,2026-01-01T18:01:22Z,5112.0,268.0,85.0,Python,False,False,NOASSERTION,
Suor/funcy,6198326.0,master,2012-10-13T00:44:57Z,2026-02-03T09:33:18Z,2025-09-19T03:38:33Z,3499.0,150.0,8.0,Python,False,False,BSD-3-Clause,
mahmoud/boltons,8307391.0,master,2013-02-20T06:17:12Z,2026-02-06T18:29:38Z,2026-01-28T06:33:10Z,6851.0,381.0,51.0,Python,False,False,NOASSERTION,
