repo_full_name,scorecard_score,sc_Code-Review,sc_Dangerous-Workflow,sc_Security-Policy,sc_Binary-Artifacts,sc_Maintained,sc_CII-Best-Practices,sc_Token-Permissions,sc_Vulnerabilities,sc_License,sc_Fuzzing,sc_Packaging,sc_Pinned-Dependencies,sc_Signed-Releases,sc_Branch-Protection,sc_SAST,sc_Dependency-Update-Tool,sc_CI-Tests,sc_Contributors
psf/requests,8.6,9.0,10.0,10.0,10.0,10.0,0.0,10.0,10.0,10.0,10.0,10.0,7.0,0.0,-1.0,10.0,,,
django/django,7.0,8.0,10.0,9.0,10.0,10.0,0.0,0.0,10.0,10.0,10.0,-1.0,0.0,-1.0,-1.0,0.0,,,
pallets/flask,6.0,2.0,10.0,9.0,10.0,10.0,0.0,0.0,0.0,10.0,10.0,10.0,8.0,8.0,3.0,0.0,,,
encode/httpx,6.0,8.0,10.0,10.0,10.0,1.0,0.0,0.0,9.0,10.0,10.0,-1.0,0.0,-1.0,-1.0,0.0,,,
aio-libs/aiohttp,7.2,8.0,10.0,10.0,10.0,10.0,0.0,0.0,10.0,9.0,10.0,10.0,0.0,1.0,-1.0,10.0,,,
tornadoweb/tornado,7.0,2.0,10.0,10.0,10.0,10.0,0.0,10.0,10.0,10.0,0.0,10.0,0.0,-1.0,-1.0,0.0,,,
bottlepy/bottle,3.8,3.0,10.0,0.0,10.0,5.0,0.0,0.0,10.0,10.0,0.0,-1.0,0.0,0.0,0.0,0.0,,,
benoitc/gunicorn,5.9,0.0,10.0,10.0,10.0,10.0,0.0,0.0,5.0,9.0,10.0,10.0,0.0,-1.0,-1.0,0.0,,,
pallets/werkzeug,6.1,2.0,10.0,9.0,10.0,10.0,0.0,0.0,9.0,10.0,0.0,10.0,8.0,6.0,3.0,0.0,,,
falconry/falcon,5.3,7.0,10.0,0.0,10.0,10.0,0.0,0.0,10.0,10.0,0.0,10.0,0.0,0.0,-1.0,0.0,,,
sanic-org/sanic,5.3,5.0,0.0,9.0,10.0,10.0,0.0,0.0,10.0,10.0,0.0,10.0,0.0,-1.0,2.0,10.0,,,
flask-restful/flask-restful,4.1,8.0,-1.0,0.0,10.0,0.0,0.0,-1.0,10.0,10.0,0.0,-1.0,-1.0,-1.0,0.0,0.0,,,
graphql-python/graphene,4.8,7.0,10.0,4.0,10.0,0.0,0.0,0.0,10.0,10.0,0.0,-1.0,0.0,-1.0,-1.0,0.0,,,
encode/django-rest-framework,6.3,8.0,10.0,10.0,10.0,10.0,0.0,0.0,10.0,9.0,0.0,-1.0,0.0,-1.0,-1.0,0.0,,,
strawberry-graphql/strawberry,5.4,5.0,10.0,10.0,10.0,10.0,0.0,0.0,0.0,10.0,0.0,-1.0,4.0,0.0,-1.0,10.0,,,
numpy/numpy,7.2,9.0,10.0,9.0,10.0,10.0,0.0,10.0,0.0,9.0,10.0,-1.0,3.0,0.0,3.0,9.0,10.0,10.0,10.0
scipy/scipy,6.7,8.0,-1.0,9.0,10.0,10.0,0.0,-1.0,10.0,10.0,10.0,-1.0,0.0,0.0,3.0,8.0,,,
matplotlib/matplotlib,8.3,10.0,10.0,10.0,10.0,10.0,0.0,0.0,10.0,9.0,10.0,-1.0,6.0,-1.0,8.0,10.0,,,
pandas-dev/pandas,6.4,8.0,10.0,10.0,10.0,10.0,0.0,0.0,10.0,10.0,10.0,-1.0,0.0,0.0,-1.0,7.0,0.0,10.0,10.0
scikit-learn/scikit-learn,9.5,10.0,-1.0,10.0,10.0,10.0,0.0,-1.0,10.0,10.0,10.0,-1.0,-1.0,-1.0,-1.0,10.0,,,
statsmodels/statsmodels,5.4,5.0,10.0,0.0,10.0,10.0,0.0,0.0,5.0,10.0,0.0,-1.0,0.0,-1.0,-1.0,9.0,,,
mwaskom/seaborn,5.7,4.0,10.0,10.0,10.0,6.0,0.0,10.0,10.0,10.0,0.0,-1.0,2.0,0.0,0.0,2.0,,,
dmlc/xgboost,6.4,9.0,10.0,10.0,10.0,10.0,0.0,10.0,0.0,10.0,0.0,-1.0,0.0,0.0,-1.0,0.0,10.0,9.0,10.0
tensorflow/tensorflow,7.3,1.0,10.0,10.0,8.0,10.0,5.0,9.0,0.0,10.0,10.0,-1.0,1.0,-1.0,-1.0,9.0,10.0,9.0,10.0
catboost/catboost,4.5,0.0,10.0,10.0,9.0,10.0,0.0,0.0,0.0,10.0,10.0,10.0,0.0,0.0,0.0,0.0,,,
microsoft/LightGBM,6.2,10.0,10.0,10.0,10.0,10.0,0.0,0.0,10.0,10.0,0.0,-1.0,5.0,0.0,8.0,,0.0,,
huggingface/tokenizers,5.0,8.0,10.0,0.0,10.0,10.0,0.0,0.0,0.0,10.0,0.0,10.0,0.0,-1.0,-1.0,0.0,,,
Lightning-AI/pytorch-lightning,5.5,10.0,10.0,6.0,10.0,10.0,0.0,0.0,8.0,10.0,0.0,-1.0,0.0,0.0,-1.0,0.0,,,
huggingface/transformers,4.5,9.0,0.0,10.0,10.0,10.0,0.0,0.0,1.0,10.0,0.0,10.0,0.0,-1.0,-1.0,0.0,,,
huggingface/datasets,5.8,3.0,10.0,10.0,10.0,10.0,0.0,0.0,10.0,10.0,0.0,-1.0,0.0,-1.0,-1.0,0.0,,,
huggingface/accelerate,6.1,9.0,10.0,0.0,10.0,10.0,0.0,0.0,10.0,10.0,0.0,10.0,0.0,-1.0,-1.0,1.0,,,
keras-team/keras,7.7,10.0,10.0,10.0,10.0,10.0,0.0,9.0,0.0,10.0,10.0,10.0,0.0,-1.0,-1.0,0.0,10.0,10.0,10.0
huggingface/huggingface_hub,6.2,9.0,10.0,0.0,10.0,10.0,0.0,0.0,10.0,10.0,0.0,-1.0,0.0,-1.0,-1.0,7.0,,,
google/flax,6.5,6.0,10.0,10.0,10.0,10.0,0.0,0.0,4.0,10.0,0.0,10.0,7.0,-1.0,-1.0,4.0,,,
modin-project/modin,4.8,10.0,10.0,0.0,10.0,0.0,0.0,0.0,0.0,10.0,0.0,10.0,0.0,-1.0,-1.0,10.0,,,
dask/dask,6.0,5.0,10.0,9.0,10.0,10.0,0.0,0.0,10.0,10.0,10.0,-1.0,0.0,-1.0,0.0,0.0,,,
jupyter/notebook,4.3,4.0,10.0,10.0,10.0,10.0,0.0,0.0,0.0,10.0,0.0,-1.0,0.0,0.0,3.0,0.0,,,
pola-rs/polars,6.4,9.0,10.0,10.0,10.0,10.0,0.0,0.0,7.0,10.0,0.0,10.0,0.0,-1.0,-1.0,0.0,,,
jupyterlab/jupyterlab,5.4,10.0,10.0,10.0,10.0,10.0,2.0,0.0,0.0,9.0,0.0,-1.0,0.0,0.0,3.0,10.0,,,
ipython/ipython,6.1,3.0,10.0,9.0,10.0,10.0,2.0,0.0,10.0,10.0,10.0,10.0,0.0,0.0,-1.0,0.0,,,
ipython/ipykernel,5.3,6.0,10.0,0.0,10.0,10.0,0.0,0.0,10.0,10.0,10.0,-1.0,0.0,0.0,3.0,0.0,,,
jupyter/nbformat,4.6,1.0,10.0,9.0,10.0,0.0,0.0,0.0,10.0,10.0,10.0,-1.0,0.0,0.0,3.0,0.0,,,
imageio/imageio,5.0,6.0,10.0,0.0,10.0,0.0,2.0,0.0,10.0,10.0,10.0,10.0,0.0,0.0,-1.0,0.0,,,
opencv/opencv-python,5.2,4.0,10.0,0.0,10.0,10.0,0.0,0.0,10.0,10.0,0.0,-1.0,0.0,-1.0,-1.0,0.0,,,
python-pillow/Pillow,7.6,8.0,10.0,10.0,10.0,10.0,5.0,10.0,10.0,9.0,10.0,10.0,0.0,-1.0,0.0,0.0,,,
scikit-image/scikit-image,7.0,9.0,-1.0,10.0,10.0,10.0,0.0,-1.0,8.0,9.0,0.0,-1.0,-1.0,-1.0,-1.0,0.0,,,
nltk/nltk,5.7,8.0,10.0,9.0,10.0,10.0,0.0,0.0,10.0,10.0,0.0,-1.0,0.0,-1.0,0.0,0.0,,,
RaRe-Technologies/gensim,3.3,2.0,10.0,4.0,10.0,0.0,0.0,0.0,4.0,10.0,0.0,-1.0,0.0,-1.0,0.0,0.0,,,
sloria/TextBlob,5.8,-1.0,10.0,10.0,10.0,10.0,0.0,0.0,10.0,10.0,0.0,10.0,0.0,0.0,-1.0,0.0,,,
explosion/spaCy,3.9,1.0,10.0,0.0,10.0,10.0,0.0,0.0,0.0,10.0,0.0,10.0,0.0,0.0,-1.0,0.0,,,
mongodb/mongo-python-driver,6.2,9.0,10.0,0.0,10.0,10.0,0.0,0.0,3.0,10.0,0.0,10.0,2.0,8.0,5.0,10.0,,,
psycopg/psycopg2,4.6,0.0,10.0,0.0,10.0,9.0,0.0,0.0,7.0,9.0,10.0,-1.0,0.0,-1.0,0.0,0.0,,,
sqlalchemy/sqlalchemy,5.7,1.0,10.0,10.0,10.0,10.0,0.0,0.0,10.0,10.0,10.0,-1.0,0.0,0.0,-1.0,0.0,,,
celery/celery,5.9,6.0,10.0,10.0,10.0,10.0,5.0,0.0,0.0,9.0,0.0,-1.0,0.0,-1.0,-1.0,10.0,,,
redis/redis-py,6.8,10.0,10.0,0.0,10.0,10.0,0.0,0.0,4.0,10.0,10.0,10.0,0.0,-1.0,-1.0,10.0,,,
sqlalchemy/alembic,6.6,0.0,10.0,10.0,10.0,10.0,0.0,10.0,10.0,10.0,0.0,-1.0,0.0,-1.0,-1.0,0.0,,,
MagicStack/asyncpg,5.5,4.0,10.0,0.0,10.0,10.0,0.0,0.0,10.0,10.0,0.0,10.0,0.0,-1.0,-1.0,0.0,,,
aio-libs/aiomysql,6.6,0.0,10.0,10.0,10.0,8.0,0.0,10.0,10.0,10.0,0.0,10.0,5.0,0.0,4.0,10.0,,,
coleifer/peewee,4.7,0.0,10.0,0.0,10.0,10.0,0.0,0.0,10.0,10.0,0.0,10.0,0.0,-1.0,0.0,0.0,,,
pytest-dev/pytest,6.4,10.0,10.0,0.0,10.0,10.0,0.0,9.0,10.0,10.0,0.0,10.0,4.0,0.0,4.0,0.0,,,
tortoise/tortoise-orm,5.4,2.0,10.0,0.0,10.0,10.0,0.0,0.0,10.0,10.0,0.0,10.0,0.0,-1.0,-1.0,0.0,,,
mongodb/motor,7.0,10.0,10.0,0.0,10.0,10.0,0.0,0.0,10.0,10.0,0.0,10.0,1.0,8.0,8.0,10.0,,,
pytest-dev/pytest-cov,5.0,3.0,10.0,10.0,10.0,5.0,0.0,0.0,7.0,10.0,0.0,-1.0,0.0,-1.0,-1.0,0.0,,,
pytest-dev/pytest-mock,5.7,5.0,10.0,10.0,10.0,10.0,0.0,0.0,10.0,10.0,0.0,10.0,0.0,0.0,-1.0,0.0,,,
pytest-dev/pytest-asyncio,7.9,10.0,10.0,10.0,10.0,10.0,0.0,10.0,10.0,10.0,0.0,10.0,5.0,0.0,-1.0,10.0,,,
HypothesisWorks/hypothesis,5.3,5.0,10.0,0.0,10.0,10.0,0.0,0.0,10.0,9.0,0.0,-1.0,0.0,-1.0,-1.0,0.0,,,
pytest-dev/pytest-xdist,5.2,6.0,10.0,0.0,10.0,10.0,0.0,0.0,10.0,10.0,0.0,10.0,0.0,0.0,-1.0,0.0,,,
tox-dev/tox,5.9,4.0,10.0,10.0,10.0,10.0,0.0,0.0,10.0,10.0,0.0,10.0,0.0,-1.0,3.0,0.0,,,
joke2k/faker,5.3,2.0,10.0,0.0,10.0,10.0,0.0,9.0,9.0,10.0,0.0,-1.0,0.0,-1.0,0.0,0.0,,,
FactoryBoy/factory_boy,4.0,2.0,10.0,0.0,10.0,0.0,0.0,0.0,10.0,10.0,0.0,-1.0,0.0,-1.0,-1.0,0.0,,,
kevin1024/vcrpy,4.8,5.0,10.0,0.0,10.0,10.0,0.0,0.0,10.0,10.0,0.0,-1.0,0.0,-1.0,0.0,0.0,,,
psf/black,7.3,8.0,10.0,10.0,10.0,10.0,0.0,0.0,10.0,10.0,10.0,10.0,7.0,0.0,-1.0,5.0,,,
getsentry/responses,4.8,4.0,10.0,10.0,10.0,1.0,0.0,0.0,10.0,10.0,0.0,-1.0,1.0,0.0,1.0,9.0,,,
pylint-dev/pylint,8.2,10.0,10.0,9.0,10.0,10.0,5.0,9.0,9.0,10.0,0.0,10.0,0.0,8.0,8.0,10.0,,,
pycqa/flake8,5.2,5.0,10.0,0.0,10.0,10.0,0.0,0.0,10.0,10.0,0.0,-1.0,9.0,-1.0,0.0,,0.0,,
RobertCraigie/pyright-python,4.1,0.0,10.0,0.0,10.0,0.0,0.0,0.0,10.0,10.0,0.0,10.0,0.0,-1.0,3.0,0.0,,,
hhatto/autopep8,5.6,1.0,10.0,0.0,10.0,1.0,0.0,0.0,10.0,10.0,10.0,10.0,0.0,-1.0,-1.0,9.0,,,
python/mypy,7.1,9.0,10.0,10.0,10.0,10.0,0.0,10.0,7.0,9.0,0.0,-1.0,0.0,-1.0,-1.0,0.0,,,
PyCQA/isort,4.4,7.0,10.0,0.0,8.0,9.0,0.0,0.0,0.0,10.0,0.0,10.0,0.0,-1.0,3.0,0.0,,,
pre-commit/pre-commit,5.0,0.0,10.0,10.0,10.0,10.0,0.0,0.0,10.0,10.0,0.0,-1.0,0.0,0.0,-1.0,0.0,,,
PyCQA/bandit,6.7,10.0,10.0,10.0,10.0,10.0,0.0,0.0,9.0,10.0,0.0,10.0,1.0,-1.0,-1.0,0.0,,,
pallets/click,6.3,5.0,10.0,9.0,10.0,10.0,0.0,0.0,4.0,10.0,10.0,10.0,8.0,4.0,3.0,0.0,,,
Textualize/rich,6.6,0.0,10.0,10.0,10.0,10.0,0.0,0.0,6.0,10.0,10.0,-1.0,2.0,-1.0,-1.0,9.0,,,
tqdm/tqdm,6.8,3.0,-1.0,0.0,10.0,10.0,5.0,-1.0,10.0,9.0,10.0,-1.0,-1.0,8.0,-1.0,0.0,,,
google/python-fire,4.4,0.0,10.0,10.0,10.0,0.0,0.0,0.0,10.0,9.0,0.0,-1.0,0.0,-1.0,0.0,6.0,,,
prompt-toolkit/python-prompt-toolkit,4.9,4.0,10.0,0.0,10.0,0.0,0.0,0.0,10.0,10.0,10.0,-1.0,0.0,-1.0,-1.0,0.0,,,
tartley/colorama,4.4,4.0,10.0,10.0,10.0,0.0,0.0,0.0,10.0,10.0,0.0,-1.0,0.0,-1.0,0.0,0.0,,,
python-trio/trio,6.4,8.0,10.0,0.0,10.0,10.0,0.0,9.0,9.0,9.0,0.0,10.0,0.0,-1.0,3.0,0.0,,,
MagicStack/uvloop,6.2,7.0,10.0,0.0,10.0,10.0,0.0,0.0,10.0,10.0,0.0,10.0,6.0,-1.0,-1.0,0.0,,,
agronholm/anyio,5.7,6.0,10.0,0.0,10.0,10.0,0.0,0.0,10.0,10.0,0.0,10.0,0.0,-1.0,-1.0,0.0,,,
gevent/gevent,4.3,1.0,10.0,0.0,10.0,9.0,0.0,0.0,10.0,9.0,0.0,10.0,0.0,0.0,0.0,0.0,,,
python-greenlet/greenlet,5.4,1.0,10.0,0.0,10.0,10.0,0.0,0.0,10.0,9.0,0.0,10.0,0.0,-1.0,0.0,10.0,,,
marshmallow-code/marshmallow,5.9,1.0,10.0,10.0,10.0,10.0,0.0,0.0,10.0,10.0,0.0,10.0,0.0,-1.0,-1.0,0.0,,,
pydantic/pydantic,6.5,10.0,10.0,10.0,10.0,10.0,0.0,0.0,6.0,10.0,10.0,10.0,0.0,-1.0,1.0,0.0,,,
msgpack/msgpack-python,5.1,1.0,10.0,10.0,10.0,1.0,0.0,0.0,10.0,9.0,10.0,10.0,0.0,-1.0,0.0,0.0,,,
python-attrs/attrs,8.8,0.0,10.0,10.0,10.0,10.0,5.0,9.0,10.0,10.0,10.0,10.0,10.0,-1.0,-1.0,10.0,,,
python-attrs/cattrs,6.9,2.0,10.0,10.0,10.0,10.0,0.0,10.0,3.0,10.0,0.0,10.0,10.0,-1.0,0.0,10.0,,,
ijl/orjson,5.2,0.0,10.0,0.0,10.0,10.0,0.0,0.0,9.0,10.0,10.0,10.0,0.0,-1.0,0.0,0.0,,,
ultrajson/ultrajson,7.9,10.0,10.0,9.0,10.0,8.0,0.0,8.0,10.0,9.0,10.0,10.0,0.0,-1.0,-1.0,0.0,,,
yaml/pyyaml,5.4,2.0,10.0,10.0,10.0,0.0,0.0,0.0,10.0,10.0,10.0,-1.0,0.0,-1.0,-1.0,0.0,,,
hukkin/tomli,5.7,2.0,10.0,0.0,10.0,10.0,0.0,0.0,10.0,10.0,10.0,-1.0,0.0,-1.0,-1.0,0.0,,,
hukkin/tomli-w,4.5,2.0,10.0,0.0,10.0,5.0,0.0,0.0,10.0,10.0,0.0,-1.0,0.0,-1.0,-1.0,0.0,,,
uiri/toml,5.3,7.0,10.0,0.0,10.0,0.0,0.0,0.0,10.0,10.0,10.0,-1.0,1.0,-1.0,-1.0,0.0,,,
pyca/cryptography,8.0,10.0,10.0,10.0,10.0,10.0,0.0,9.0,3.0,9.0,10.0,10.0,6.0,-1.0,-1.0,0.0,,,
theskumar/python-dotenv,5.3,4.0,10.0,10.0,10.0,10.0,0.0,0.0,9.0,10.0,0.0,-1.0,0.0,-1.0,0.0,0.0,,,
jpadilla/pyjwt,7.1,5.0,10.0,10.0,10.0,10.0,0.0,0.0,10.0,10.0,10.0,10.0,0.0,-1.0,-1.0,3.0,,,
python-jsonschema/jsonschema,7.8,1.0,10.0,10.0,10.0,10.0,0.0,9.0,10.0,10.0,10.0,10.0,8.0,0.0,-1.0,10.0,,,
certifi/python-certifi,6.9,5.0,10.0,10.0,10.0,10.0,0.0,10.0,10.0,9.0,0.0,10.0,5.0,-1.0,0.0,0.0,,,
jaraco/configparser,5.3,0.0,10.0,10.0,10.0,0.0,0.0,10.0,10.0,0.0,10.0,-1.0,0.0,-1.0,0.0,0.0,,,
pyca/bcrypt,6.3,10.0,10.0,0.0,10.0,10.0,0.0,0.0,10.0,10.0,0.0,10.0,3.0,-1.0,-1.0,0.0,,,
sethmlarson/truststore,6.1,8.0,10.0,10.0,10.0,1.0,2.0,0.0,10.0,10.0,0.0,-1.0,6.0,-1.0,8.0,0.0,,,
pyca/pyopenssl,6.3,10.0,10.0,0.0,10.0,10.0,0.0,0.0,10.0,10.0,0.0,10.0,2.0,-1.0,-1.0,0.0,,,
paramiko/paramiko,5.0,0.0,-1.0,10.0,10.0,0.0,0.0,-1.0,10.0,10.0,10.0,-1.0,0.0,-1.0,-1.0,0.0,,,
googleapis/python-storage,7.7,10.0,-1.0,10.0,10.0,10.0,0.0,-1.0,10.0,10.0,10.0,-1.0,0.0,-1.0,-1.0,0.0,,,
boto/botocore,8.1,1.0,10.0,10.0,10.0,10.0,0.0,10.0,5.0,10.0,10.0,-1.0,8.0,-1.0,-1.0,10.0,,,
googleapis/google-auth-library-python,8.6,10.0,10.0,10.0,10.0,10.0,0.0,10.0,10.0,10.0,10.0,-1.0,0.0,-1.0,-1.0,5.0,,,
docker/docker-py,4.3,10.0,10.0,0.0,10.0,3.0,0.0,0.0,10.0,10.0,0.0,-1.0,0.0,0.0,1.0,0.0,,,
Azure/azure-sdk-for-python,6.1,10.0,10.0,10.0,8.0,10.0,5.0,0.0,0.0,10.0,10.0,-1.0,0.0,-1.0,5.0,0.0,,,
fabric/fabric,3.9,0.0,-1.0,10.0,10.0,0.0,0.0,-1.0,10.0,10.0,0.0,-1.0,-1.0,-1.0,0.0,0.0,,,
pyinvoke/invoke,3.9,0.0,-1.0,10.0,10.0,0.0,0.0,-1.0,10.0,10.0,0.0,-1.0,-1.0,-1.0,0.0,0.0,,,
urllib3/urllib3,8.6,8.0,10.0,10.0,10.0,10.0,5.0,10.0,10.0,10.0,10.0,10.0,8.0,0.0,5.0,10.0,10.0,10.0,10.0
chardet/chardet,4.0,2.0,10.0,0.0,10.0,10.0,0.0,0.0,0.0,10.0,0.0,-1.0,0.0,-1.0,-1.0,0.0,,,
kjd/idna,6.6,3.0,10.0,10.0,10.0,0.0,0.0,10.0,10.0,10.0,10.0,10.0,8.0,0.0,-1.0,7.0,0.0,10.0,10.0
pallets/jinja,5.3,0.0,10.0,9.0,10.0,1.0,0.0,0.0,0.0,10.0,10.0,10.0,8.0,10.0,3.0,0.0,,,
grpc/grpc,5.8,7.0,10.0,9.0,8.0,10.0,5.0,0.0,0.0,10.0,10.0,-1.0,0.0,-1.0,-1.0,0.0,,,
python-websockets/websockets,6.0,1.0,10.0,10.0,10.0,10.0,0.0,0.0,10.0,10.0,10.0,10.0,0.0,-1.0,0.0,0.0,,,
ansible/ansible,6.0,7.0,-1.0,10.0,10.0,10.0,2.0,-1.0,0.0,10.0,10.0,-1.0,0.0,-1.0,-1.0,0.0,,,
pallets/markupsafe,5.3,1.0,10.0,9.0,10.0,0.0,0.0,0.0,1.0,10.0,10.0,10.0,9.0,8.0,3.0,0.0,,,
sqlalchemy/mako,4.1,0.0,10.0,0.0,10.0,0.0,0.0,0.0,10.0,10.0,10.0,-1.0,0.0,-1.0,0.0,0.0,,,
lxml/lxml,5.7,0.0,10.0,10.0,10.0,10.0,0.0,0.0,10.0,10.0,10.0,-1.0,1.0,0.0,-1.0,0.0,,,
html5lib/html5lib-python,4.7,7.0,10.0,0.0,10.0,0.0,0.0,0.0,5.0,10.0,10.0,-1.0,0.0,-1.0,-1.0,0.0,,,
scrapy/cssselect,5.5,8.0,10.0,0.0,10.0,5.0,0.0,0.0,10.0,9.0,10.0,10.0,0.0,-1.0,0.0,0.0,,,
scrapy/parsel,5.4,9.0,10.0,0.0,10.0,10.0,0.0,0.0,9.0,10.0,0.0,10.0,0.0,-1.0,0.0,0.0,,,
boto/boto3,7.4,0.0,10.0,10.0,10.0,10.0,0.0,10.0,5.0,10.0,0.0,-1.0,10.0,-1.0,-1.0,10.0,,,
celery/kombu,6.6,4.0,10.0,10.0,10.0,10.0,0.0,0.0,10.0,10.0,0.0,-1.0,0.0,-1.0,-1.0,9.0,,,
pika/pika,4.5,4.0,10.0,0.0,10.0,1.0,2.0,0.0,10.0,10.0,0.0,-1.0,0.0,0.0,-1.0,9.0,,,
celery/py-amqp,4.8,3.0,10.0,0.0,10.0,2.0,0.0,0.0,10.0,9.0,0.0,-1.0,0.0,-1.0,-1.0,7.0,,,
scrapy/scrapy,6.1,9.0,10.0,10.0,10.0,10.0,0.0,0.0,10.0,10.0,0.0,10.0,0.0,-1.0,0.0,0.0,,,
dateutil/dateutil,5.2,5.0,10.0,0.0,10.0,0.0,0.0,0.0,10.0,9.0,10.0,-1.0,0.0,8.0,-1.0,0.0,,,
arrow-py/arrow,6.0,7.0,10.0,0.0,10.0,6.0,0.0,0.0,10.0,10.0,10.0,-1.0,0.0,-1.0,8.0,0.0,,,
networkx/networkx,5.0,10.0,0.0,0.0,10.0,10.0,0.0,0.0,10.0,9.0,10.0,10.0,0.0,-1.0,0.0,0.0,,,
python-babel/babel,7.5,2.0,10.0,10.0,10.0,10.0,0.0,10.0,10.0,10.0,10.0,10.0,3.0,0.0,-1.0,7.0,,,
sympy/sympy,4.2,9.0,0.0,0.0,10.0,10.0,0.0,0.0,10.0,9.0,0.0,10.0,0.0,0.0,3.0,0.0,,,
igraph/python-igraph,4.6,1.0,10.0,10.0,10.0,8.0,0.0,0.0,7.0,10.0,0.0,-1.0,0.0,0.0,-1.0,0.0,,,
hynek/structlog,8.0,0.0,10.0,10.0,10.0,10.0,5.0,9.0,10.0,9.0,0.0,10.0,9.0,-1.0,-1.0,10.0,,,
Delgan/loguru,6.6,2.0,10.0,10.0,10.0,10.0,0.0,0.0,10.0,10.0,0.0,10.0,0.0,-1.0,-1.0,10.0,,,
prometheus/client_python,7.1,8.0,10.0,9.0,10.0,10.0,0.0,10.0,10.0,10.0,0.0,-1.0,7.0,-1.0,0.0,0.0,,,
jazzband/pathlib2,5.0,3.0,10.0,10.0,10.0,0.0,0.0,0.0,10.0,10.0,10.0,-1.0,0.0,-1.0,0.0,0.0,,,
getsentry/sentry-python,5.3,8.0,10.0,10.0,10.0,10.0,0.0,0.0,0.0,10.0,0.0,-1.0,0.0,0.0,4.0,10.0,,,
gorakhargosh/watchdog,5.2,7.0,10.0,0.0,10.0,10.0,0.0,0.0,9.0,10.0,0.0,10.0,0.0,-1.0,0.0,0.0,,,
open-telemetry/opentelemetry-python,7.3,10.0,10.0,10.0,10.0,10.0,5.0,10.0,0.0,10.0,0.0,-1.0,0.0,-1.0,4.0,7.0,10.0,10.0,10.0
tox-dev/py-filelock,5.7,1.0,10.0,10.0,10.0,10.0,0.0,0.0,10.0,10.0,0.0,10.0,0.0,-1.0,3.0,1.0,,,
ActiveState/appdirs,4.4,7.0,-1.0,9.0,10.0,0.0,0.0,-1.0,10.0,10.0,0.0,-1.0,0.0,-1.0,0.0,0.0,,,
python/importlib_resources,4.7,0.0,10.0,10.0,10.0,0.0,0.0,10.0,10.0,0.0,0.0,-1.0,0.0,-1.0,0.0,0.0,,,
python/importlib_metadata,6.2,1.0,10.0,10.0,8.0,10.0,0.0,10.0,10.0,0.0,10.0,-1.0,0.0,-1.0,0.0,0.0,,,
pypa/packaging,8.7,8.0,10.0,9.0,4.0,10.0,0.0,9.0,10.0,9.0,10.0,10.0,10.0,-1.0,-1.0,10.0,,,
sdispater/pendulum,5.4,9.0,10.0,0.0,10.0,10.0,0.0,0.0,3.0,10.0,0.0,10.0,8.0,0.0,-1.0,0.0,,,
pypa/setuptools,5.2,3.0,10.0,10.0,2.0,10.0,0.0,0.0,10.0,10.0,10.0,-1.0,0.0,-1.0,0.0,0.0,,,
pypa/wheel,5.8,3.0,10.0,0.0,10.0,10.0,0.0,0.0,10.0,10.0,10.0,10.0,0.0,-1.0,0.0,4.0,,,
pypa/pip,5.7,5.0,10.0,9.0,0.0,10.0,2.0,0.0,10.0,10.0,10.0,10.0,0.0,-1.0,3.0,0.0,,,
pypa/twine,8.0,10.0,10.0,0.0,8.0,10.0,0.0,10.0,10.0,10.0,0.0,10.0,4.0,10.0,-1.0,10.0,,,
pypa/flit,6.1,5.0,10.0,10.0,10.0,8.0,0.0,0.0,10.0,10.0,0.0,10.0,0.0,-1.0,-1.0,0.0,,,
pypa/build,6.1,10.0,10.0,0.0,10.0,10.0,0.0,0.0,10.0,10.0,0.0,10.0,0.0,-1.0,-1.0,0.0,,,
pypa/hatch,5.0,9.0,10.0,0.0,10.0,10.0,0.0,0.0,8.0,10.0,0.0,10.0,0.0,0.0,1.0,0.0,,,
python-poetry/poetry,2.6,5.0,0.0,0.0,0.0,10.0,0.0,0.0,0.0,10.0,0.0,10.0,10.0,0.0,1.0,0.0,,,
python/typing_extensions,8.6,10.0,10.0,10.0,10.0,10.0,0.0,10.0,10.0,9.0,10.0,10.0,4.0,-1.0,-1.0,0.0,,,
typeshed-internal/stub_uploader,5.0,1.0,10.0,10.0,10.0,10.0,0.0,0.0,9.0,10.0,0.0,-1.0,0.0,-1.0,0.0,0.0,,,
mkdocs/mkdocs,4.0,9.0,10.0,0.0,10.0,0.0,0.0,0.0,3.0,10.0,0.0,-1.0,0.0,-1.0,-1.0,0.0,,,
sphinx-doc/sphinx,5.0,3.0,10.0,0.0,10.0,10.0,0.0,9.0,2.0,9.0,0.0,-1.0,0.0,-1.0,3.0,0.0,,,
squidfunk/mkdocs-material,4.3,1.0,10.0,0.0,10.0,10.0,0.0,0.0,0.0,10.0,0.0,10.0,0.0,-1.0,-1.0,0.0,,,
graphql-python/gql,4.9,2.0,10.0,0.0,10.0,5.0,0.0,0.0,10.0,10.0,0.0,10.0,0.0,-1.0,-1.0,0.0,,,
mitmproxy/pdoc,6.5,4.0,10.0,10.0,10.0,2.0,0.0,10.0,6.0,10.0,0.0,-1.0,8.0,-1.0,-1.0,3.0,,,
indygreg/python-zstandard,4.1,0.0,10.0,0.0,10.0,0.0,0.0,10.0,6.0,10.0,0.0,-1.0,8.0,0.0,0.0,0.0,,,
google/brotli,8.1,6.0,-1.0,10.0,10.0,10.0,2.0,-1.0,10.0,10.0,10.0,-1.0,-1.0,0.0,-1.0,8.0,10.0,10.0,10.0
mirumee/ariadne,5.2,1.0,10.0,0.0,10.0,10.0,0.0,0.0,10.0,10.0,0.0,10.0,3.0,8.0,0.0,0.0,,,
jawah/charset_normalizer,8.5,2.0,10.0,10.0,10.0,10.0,5.0,10.0,6.0,10.0,10.0,10.0,9.0,8.0,8.0,10.0,10.0,10.0,3.0
uqfoundation/multiprocess,4.6,0.0,-1.0,10.0,10.0,10.0,0.0,-1.0,10.0,9.0,0.0,-1.0,-1.0,0.0,0.0,0.0,,,
cloudpipe/cloudpickle,4.5,4.0,10.0,0.0,10.0,0.0,0.0,0.0,6.0,9.0,0.0,10.0,0.0,8.0,-1.0,0.0,,,
giampaolo/psutil,5.6,0.0,10.0,10.0,10.0,10.0,0.0,0.0,10.0,10.0,10.0,-1.0,0.0,-1.0,0.0,0.0,,,
joblib/joblib,7.1,5.0,10.0,10.0,10.0,10.0,0.0,0.0,10.0,10.0,10.0,10.0,0.0,8.0,-1.0,1.0,,,
uqfoundation/dill,5.1,0.0,-1.0,10.0,10.0,8.0,0.0,-1.0,10.0,9.0,10.0,-1.0,-1.0,0.0,0.0,0.0,,,
ionelmc/python-tblib,4.2,0.0,10.0,10.0,10.0,4.0,0.0,0.0,7.0,10.0,0.0,-1.0,0.0,-1.0,0.0,0.0,,,
jd/tenacity,6.5,7.0,10.0,0.0,10.0,8.0,0.0,9.0,10.0,10.0,0.0,10.0,0.0,-1.0,-1.0,0.0,,,
grantjenks/python-diskcache,4.0,6.0,10.0,0.0,10.0,0.0,0.0,0.0,10.0,9.0,0.0,-1.0,0.0,-1.0,0.0,0.0,,,
tkem/cachetools,7.2,0.0,10.0,10.0,10.0,10.0,0.0,10.0,10.0,10.0,10.0,-1.0,5.0,-1.0,3.0,0.0,,,
tomasbasham/ratelimit,3.2,1.0,-1.0,0.0,10.0,0.0,0.0,-1.0,10.0,10.0,0.0,-1.0,-1.0,-1.0,0.0,0.0,,,
sqlalchemy/dogpile.cache,3.2,0.0,-1.0,0.0,10.0,1.0,0.0,-1.0,10.0,10.0,0.0,-1.0,-1.0,-1.0,0.0,0.0,,,
alisaifee/limits,4.2,0.0,10.0,0.0,10.0,10.0,0.0,0.0,9.0,10.0,0.0,10.0,0.0,0.0,0.0,0.0,,,
pyeve/cerberus,4.5,0.0,10.0,0.0,10.0,2.0,0.0,0.0,10.0,10.0,0.0,10.0,1.0,-1.0,0.0,7.0,,,
alecthomas/voluptuous,4.3,8.0,10.0,0.0,10.0,1.0,0.0,0.0,10.0,10.0,0.0,-1.0,0.0,-1.0,0.0,0.0,,,
sendgrid/sendgrid-python,4.1,4.0,10.0,0.0,10.0,0.0,0.0,0.0,5.0,10.0,0.0,10.0,0.0,-1.0,-1.0,0.0,,,
stripe/stripe-python,7.2,10.0,10.0,10.0,10.0,10.0,0.0,10.0,0.0,10.0,0.0,-1.0,0.0,-1.0,8.0,9.0,,,
oauthlib/oauthlib,6.6,9.0,10.0,10.0,10.0,1.0,0.0,9.0,1.0,10.0,10.0,10.0,0.0,-1.0,6.0,4.0,,,
mpdavis/python-jose,5.0,6.0,10.0,0.0,10.0,0.0,0.0,0.0,9.0,10.0,10.0,-1.0,0.0,-1.0,-1.0,0.0,,,
launchdarkly/python-server-sdk,6.6,10.0,10.0,9.0,10.0,10.0,0.0,0.0,10.0,9.0,0.0,10.0,2.0,10.0,1.0,0.0,,,
elastic/elasticsearch-py,5.4,9.0,10.0,10.0,10.0,10.0,0.0,0.0,0.0,10.0,0.0,-1.0,0.0,-1.0,5.0,0.0,,,
py-pdf/pypdf,6.6,2.0,10.0,10.0,10.0,10.0,0.0,0.0,10.0,9.0,10.0,10.0,0.0,-1.0,6.0,0.0,,,
opensearch-project/opensearch-py,5.2,10.0,10.0,9.0,10.0,10.0,0.0,0.0,0.0,10.0,0.0,10.0,0.0,0.0,-1.0,0.0,,,
jsvine/pdfplumber,4.5,0.0,10.0,0.0,10.0,10.0,0.0,0.0,0.0,10.0,10.0,-1.0,0.0,-1.0,-1.0,0.0,,,
jmcnamara/XlsxWriter,5.5,1.0,10.0,0.0,10.0,10.0,0.0,0.0,10.0,10.0,10.0,-1.0,0.0,-1.0,0.0,6.0,,,
wireservice/csvkit,4.7,0.0,10.0,0.0,10.0,10.0,0.0,0.0,10.0,10.0,0.0,10.0,0.0,-1.0,0.0,0.0,,,
jazzband/tablib,5.8,10.0,10.0,10.0,10.0,0.0,0.0,0.0,10.0,10.0,0.0,10.0,0.0,-1.0,-1.0,0.0,,,
shapely/shapely,5.1,9.0,10.0,0.0,10.0,10.0,0.0,0.0,10.0,10.0,0.0,10.0,0.0,0.0,0.0,0.0,,,
geopandas/geopandas,5.1,9.0,10.0,0.0,10.0,10.0,0.0,0.0,9.0,10.0,0.0,-1.0,0.0,0.0,-1.0,0.0,,,
python-visualization/folium,5.6,2.0,10.0,9.0,10.0,10.0,0.0,0.0,3.0,9.0,0.0,10.0,0.0,-1.0,-1.0,6.0,,,
benfred/py-spy,4.6,8.0,10.0,10.0,10.0,0.0,0.0,0.0,4.0,10.0,0.0,10.0,0.0,0.0,-1.0,0.0,,,
plasma-umass/scalene,4.1,0.0,10.0,0.0,10.0,10.0,0.0,0.0,0.0,10.0,0.0,-1.0,0.0,-1.0,0.0,10.0,,,
Kozea/CairoSVG,3.7,1.0,10.0,0.0,10.0,2.0,0.0,0.0,10.0,10.0,0.0,-1.0,0.0,-1.0,0.0,0.0,,,
MagicStack/contextvars,3.2,1.0,-1.0,0.0,10.0,0.0,0.0,-1.0,10.0,10.0,0.0,-1.0,-1.0,-1.0,0.0,0.0,,,
jab/bidict,5.5,0.0,10.0,9.0,10.0,10.0,5.0,0.0,10.0,10.0,0.0,-1.0,7.0,0.0,-1.0,0.0,,,
more-itertools/more-itertools,5.7,7.0,10.0,0.0,10.0,10.0,0.0,0.0,10.0,10.0,10.0,-1.0,0.0,0.0,-1.0,0.0,,,
bloomberg/memray,5.9,10.0,10.0,10.0,10.0,10.0,0.0,0.0,1.0,10.0,0.0,10.0,0.0,-1.0,-1.0,0.0,,,
pytoolz/toolz,5.9,4.0,10.0,0.0,10.0,0.0,0.0,10.0,10.0,9.0,10.0,10.0,5.0,-1.0,0.0,0.0,,,
Suor/funcy,3.6,2.0,10.0,0.0,10.0,0.0,0.0,0.0,10.0,10.0,0.0,-1.0,0.0,-1.0,0.0,0.0,,,
mahmoud/boltons,4.8,2.0,10.0,0.0,10.0,8.0,0.0,0.0,10.0,9.0,0.0,-1.0,0.0,-1.0,-1.0,0.0,,,
